"Labeled Data","Final Label"
"1 - Ability to learn new technology quickly 2 - Creativity!!!","NA"
"3 - Dependable and ability to work independently Leadership, pleasant personality/warmth, and confidence in her work. 
","NA"
"Corey can work on planning out the next phases of projects from a high level before going into the details as this will allow him to keep a tighter project schedule.","NA"
"This skill will come with experience as he develops more expertise with projects.
","NA"
"Courtney's unfamiliarity with the field kept her from exercising the confidence needed for leadership.
","NA"
"Create a vision of how an area can be better and set a program to achieve this vision.
","IDK"
"Dalvin is pretty quiet, but I feel he could be a fantastic leader given the right opportunity.","NA"
"He's smart and can figure things out quickly.
","NA"
"She can improve in encouraging input from others.
","IDK"
"Danielle didn't have many opportunities to demonstrate her leadership skills while she was with us; however, I believe she would have great skill and confidence in anything that she attempted, so continuing to develop her leadership skills when given the opportunity would be to her benefit.
","NA"
"Deepa needs to learn to share her knowledge and understanding of technology and processes to better engage others into her projects.
","NA"
"Adrian could benefit from more opportunities to learn how to apply his strengths to lead others.
","NA"
"She was able to take our work to the next level by taking the lead and forming new partnerships with groups on campus!","NA"
"Although the outcome wasn't what I was hoping (this was for our division intern project...which fell flat on the staff side, mostly, but partly on the intern side), she was willing to allow me to put her into a leadership position for a project that she wasn't initially supposed to lead, and was asked to kind of pick up the pieces and produce a product.","NA"
"Delaney has been an intern in the Studio for awhile and you can see the other interns look to her for guidance and help.","STF"
"Delaney has been tasked to complete one big project before her internship has finished and was recommended to seek out advise and insight from people in other areas of the business.","NA"
"Demonstrated great leadership with her mentees.
","NA"
"Diamond does a great job taking initiative and following through with her projects.","NA"
"Didn't have much opportunity for this
","NA"
"Displays great leadership with her mentees and guideing them in their freshman year.
","NA"
"I will be asking Allie to lead a project.
","NA"
"Ajinkya can take an active role and be a self-starter in projects which will help him develop as a leader.
","NA"
"During this semester we identified that Chip would be the best person to lead the Makerspace in the Fall, based, on part, to his leadership skills
","NA"
"Emily has always been a leader but this year grew in this area even more so being our most senior intern and serving as an example and guide to our other 4 interns.
","STF"
"Emily hasn't had the opportunity to take the lead on a significant project.","NA"
"Emma shows tremendous initiative and maturity in developing, communication and bringing to fruition her vision for Clemson's Sustainability initiatives.","IDK"
"She has outstanding leadership skills that will take her far in her career.
","NA"
"Eric was great at working independently and along with others to achieve project goals and has the capability to be a great leader.","NA"
"During his internship with us he did not take leadership over the projects he was given to bring them to success, rather he relied on others.","NA"
"Eva didn't have many opportunities to lead others while in her position.","NA"
"Even though Reilley is an excellent Cast member, she needs to learn how to lead and push her peers to do better and improve their performance.
","STC"
"She is able to see the bigger picture and long-term goals, which would serve her well in leadership roles.","NA"
"Hannah follows through on what she says she will do, she makes good decisions, and she has a great personality.","NA"
"I think she possesses many of the characteristics and qualities, now its just time for her to pull all of them together as a leader.
","NA"
"Everyone have our own personality and its good to understand the variety, but proactivity and leadership are areas that must be improved everyday, no matters what type of personality you have.","NA"
"I truly believe that improving this areas will make her a excellent professional.
","NA"
"Fewer opportunities have been provided in this area thus far.
","NA"
"Gabrielle didn't have a lot of opportunities to show off her leadership skills.
","NA"
"Great intern and a great person to work with.","NA"
"Great leader of the interior design team.","NA"
"Takes charge and does not hesitate to advance the team by collaborating with faculty and staff.
","NA"
"Good motivator.","STF"
"Brandon is punctual and on time 30 minutes early each day.","NA"
"Brandon takes on any task assigned to him with enthusiasm and completes it with great precision.
","NA"
"Hannah has successfully lead two project teams this semester.","NA"
"Alex is smart and would be a good leader.","NA"
"I believe he's an introvert who has a lot to say once you get him started, but you have to get him talking.
","NA"
"Hannah is always taking leadership initiatives within her UPIC position.","NA"
"She is given certain tasks and will go above and beyond to complete the task and also bring in additional roles.
","IDK"
"Hannah saw where improvements needed to be made in the program and took leadership over developing new solutions.
","NA"
"Hayley has great skills and just needs the experience to become a great leader.
","NA"
"He constantly impresses all of us by taking charge of his project
","NA"
"He has very successfully taken the VR Immersive Space form a concept to a reality.","NA"
"He is a natural leader.","NA"
"He takes charge and does things first.","NA"
"He is not an outgoing person so stepping into a leadership role and understanding group dynamics can be hard for Andrew.
","NA"
"He is very confident in this particular field, he was made for it.","NA"
"His work ethic, sacrifice and commitment are unheard of for a guy his age!","STC"
"Jonathan conducts himself in a professional manner and has represented Gray Engineering well.","NA"
"Jonathan has also learned to communicate with regulatory agencies and our clients when needed.
","NA"
"He is very organize, passionate toward every subject, and displays a well leadership skill.
","NA"
"He also simply wasn't given a lot of opportunity to showcase leadership skills with some of the work we did this summer.
","NA"
"He not only understands his strength and weakness, but he recognizes others' strength and weakness.","NA"
"He often waited on others to respond to tasks first.
","NA"
"He should continue to improve on his leadership skills.
","NA"
"He motivated the others to do the needed tasks and was the first to respond to requests.
","IDK"
"He thrives in a group environment, and I believe he would benefit from more leadership tasks.
","NA"
"Alexis was able to work well with her group of mentees that were from a wide range of backgrounds.","NA"
"She recognized the individual strengths that each of her mentees had and was able to use this to advance the group as a whole.
","TF"
"Her leadership skills are still strong, but has difficulty engaging others in projects.
","NA"
"His role in this internship did not specifically require the leadership skill, but it will be necessary in his future career.
","NA"
"He is a very well rounded student and did a very good job in this internship.
","NA"
"I think she will be a great leader one day, but is just getting her feet under her so she does have a lot to work on (as do we all).","NA"
"Horace displays great leadership with his mentee by guiding them in tho great academia study habits and when he sees a need of them he goesinto action.
","NA"
"However I believe that in the future if placed in these situations he could learn and grow in this area.
","NA"
"I am working at University of Texas at El Paso.","NA"
"During his stay, he performed as a leader to organize and conduct the research with several other junior researcher/students.
","STC"
"I believe as Allison gains more experience her ability to take on more leadership roles - she most definitely has the key characteristics that will allow her to be a leader.
","NA"
"She is great at working with patrons to figure out their needs, and maintains a positive attitude throughout, both of which I consider essential aspects of leadership.
","TF"
"I believe that this internship has helped her take ownership of one of our particular tools, our newsletter, as she has advocated for various updates and made it her own--and I would love to see her do this in other areas of her academic, professional, and social life.
","NA"
"I believe that I didn't provide her with enough opportunities to grow in this area.","NA"
"This will help her gain more experience in this competency.
","NA"
"I cannot answer this question and made a selection only because forced to by the software.
","NA"
"As she progresses in her education and career, I'm sure Mary Elizabeth will encounter situations in which she will embrace the chance to develop and grow as a leader.
","NA"
"I could have chosen several for LaMarr, but I chose Leadership because LaMarr has demonstrated excellent leadership skills this semester, especially with his team of Student Event Coordinators.","NA"
"His positive attitude and outlook has also been encouraging to others this semester.","STF"
"LaMarr has done a fantastic job at sharing ideas, setting goals for himself and the team and supporting others during very busy times.","IDK"
"LaMarr is only a freshmen","NA"
"so I look forward to watching (and hopefully mentoring) him as he continues to develop into an even stronger leader!
","NA"
"She definitely is a leader, and I think she would excel if given the opportunity.
","NA"
"I didn't give Daniel many opportunities to leverage others' strengths to achieve a vision.","NA"
"Daniel can sometimes allow emotions to supersede his decision-making skills when tensions increases in a situation.
","NA"
"Maggie seemed content to do only what was necessary - even when asked to do more.","NA"
"I do not believe Erika is always able to identify others strengths.","NA"
"I do not find any of these to be a particular area of weakness; but select leadership only because it is not an area where I've had the opportunity to position Wajdi in a team allowing him to take on such roles.
","NA"
"Ally could build upon her communication skills and translate this into furthering her leadership skills to capitalize upon the strengths of each of her mentees or fellow mentors.
","IDK"
"I do not see this as a weakness -","NA"
"I would like to see her utilize those strengths in positions of leadership to continue to grow and develop her resume.
","NA"
"I do wish we had more opportunities to evaluate this competency.","NA"
"At the same time, I believe her work style may miss opportunities to share ideas and connect.","NA"
"My encouragement for her would be to identify that goal, and develops tasks towards that goal, but take the time to reflect, research, organize, and modify with the input of others.
","STF"
"This takes a certain amount of experience and time to develop to a high degree, as working with various personalities can be challenging.","NA"
"When given the opportunity, I am certain that he will develop these skills and prove to be a very competent leader.
","NA"
"I don't think I gave him a real opportunity to show his leadership skills.
","NA"
"I don't really feel like there is an area where she could improve.","NA"
"This will simply come with experience as she grows in her career.
","NA"
"I feel leadership is the greatest are for improvement for Krystin because she is willing to take on any task given to her, but does not take the lead herself.","NA"
"I feel that Andrew will be a strong future leader.","NA"
"That is why he now need a strong mentor to help him in this future role.","NA"
"Yet, I feel with proper training and mentorship, he will become a very strong leader
","NA"
"I feel that leadership comes with experience and while he shows the qualities to be a leader, this will come with time and opportunities.
","NA"
"She most definitely has all the qualities of a great leader.","NA"
"She has fantastic ideas related to program development and improvement.","IDK"
"I feel that Mikaela is a leader, but true leadership takes a while to master so she could continue to work on this area.
","NA"
"If she could organize a better team work, I guess, it would not only be helpful for her, but the study would be done in a more efficient way.
","NA"
"I guess leadership comes with experience and knowledge of the job and tasks to complete.","NA"
"I have ask James to faciliate one of our weekly meeting and he does with ease.","IDK"
"Alos with his mentee's he displays great leadership skill.
","NA"
"I am unable to truthfully access this question and will work to make sure she gets some leadership opportunities in the future.
","NA"
"I have seen John display leadership with our summer bridge program.","NA"
"I have seen Kylie grow in speaking up and sharing her perspective in a group.","STF"
"I think she has gained confidence.","NA"
"I honestly have not had many opportunities to witness Maddie's ability to articulate a vision for an assignment or assess the skills of others to achieve that vision.","NA"
"Usually, she is implementing the vision that the director of the Faculty Senate and I determine, but hopefully as she gets more comfortable with our office operations and her fellow intern peers in the spring I can scaffold some experiences to allow her to grow in this area.
","STC"
"He honestly utilized other interns strengths.","STC"
"But if I had to choose one for an area of improvement it would be leadership because we can always continue to grow.
","NA"
"I often feel this is the area for improvement.","NA"
"In all of my employees and myself.","NA"
"Brooklyn is great at organization and development.","NA"
"She is great at design and implementation.","NA"
"For that reason and the fact she has had to work alone in the past to accomplish tasks, I feel she just doesn't have the experience in delegating and leading a team.","TC"
"Although Kasey wasn't put in a position to lead, her passive and quiet at times persona could be a risk.
","NA"
"He's only been here 3 months, but appears to be someone who could be an excellent leader among the other students.","NA"
"Develop that skill and help to bring others along.","NA"
"Document work done, things tried, what failed, what worked, what the results were.","NA"
"1) Seek out projects on his own2) Communicate better when calling out3)","NA"
"I only pick this because we do not put her in charge of others (in our current setup, we really can't) so I don't think our internship has allowed her to improve in this way.
","NA"
"I picked this one, because I had to pick one in order to submit the form.","NA"
"Wajdi has not had an opportunity to execute leadership very much yet.","NA"
"He has done an excellent job with helping a student.","NA"
"I am sure that Wajdi will be a great asset to my group and a great leader.
","NA"
"I rank Kshitij as having the greatest area of improvement in the Leadership category simply due to time in his position.","NA"
"Kshitij simply hasn't had enough time in his position to establish himself as a leader.","NA"
"I genuinely have no doubts that Kshitij will develop into a fantastic lead engineer in his career.
","NA"
"I really don't have much to complain about with Emilie.","NA"
"This internship she undertook did not really give her the opportunity to demonstrate her leadership capabilities.","NA"
"This is not so much of an 'area for improvement', but I hope she is able to gain experience in this area nonetheless.
","NA"
"I really want to see Ely's leadership experience grow and her confidence to lead our intern team.","NA"
"I'm waiting for her to be more vocal in our team meetings.
","NA"
"I selected Leadership because being a great leader defines Meghan Williams and if you are a great leader you possess the other skills mentioned.","NA"
"It is a joy to have Meghan as an intern and watch as she grows and hones her talents and skills.","NA"
"She works well both independently and in a team setting.
","NA"
"I would say there's not as much collaboration in my work site as there is at others, which leaves fewer opportunities for any of the interns to assume a traditional leadership role.","NA"
"However, because of what I've seen Alice do in terms of leading a project (even if she's the only one working on it), I think she shows a lot of promise and I would be interested to learn more about her leadership style in a group.
","NA"
"Although not an issue, more workplace experience would help with this.
","NA"
"but we just didn't get the chance to put him in a leadership role this semester.
","NA"
"I think that this will come as he gains additional experience and continues to develop comfort as part of the team.
","NA"
"This is an area that I would love for there to be more areas for her to grow through this internship and an area that we can improve on for next year.
","NA"
"She took on leadership roles for her mentees as well as prospective Clemson students, but it is difficult to develop these skills quickly.
","NA"
"I think just leadership in general.","NA"
"I think her leadership skills will continue to expand as she gains more work experience and knowledge in whatever field she chooses.
","NA"
"I think leadership is Andy's area for greatest improvement because I believe he has the skills to be a leader, but maybe doesn't seek those leadership positions.
","NA"
"While I have tasks for her to do when she comes in, Natalie doesn't take the lead on assignments or initiate new projects.
","NA"
"I think leadership is something that everyone can always work on, I think this is something I see Abby improving in as she takes on more and more responsibilities within the position and now that she will grow in this and become exemplary at this skill.","NA"
"This is something we will be working on next semester.
","NA"
"I think Liz has a lot of leadership potential and is already a leader in many regards, but based on the potential that she has could improve with more experience.
","NA"
"I think Nick can work more on maximizing the strengths of his peers when he is working with them.","IDK"
"I think Pranav would be a great leader in the Makerspace and something that is achievable for him
","NA"
"I think that Emily has grown a lot during her internship this summer, but I still think that leadership is her biggest area for continued improvement.","NA"
"I have really appreciated her input and observations on how to continue to improve our programs.","NA"
"I do think that she has room to improve with trusting herself and her decisions in this area for leadership.
","NA"
"I think it was difficult for him given that he was at intern level in a large international bank but it is an area that he could improve on in the coming years.
","NA"
"I think that Maddie has great potential for leadership.","NA"
"She should continue to work and improve on her leadership qualities by taking the lead on additional projects.","NA"
"She has great ideas and is very capable of performing well.","NA"
"I think the greatest way that Claudia could continue to improve would be through her leadership skills.","NA"
"She has improved as a leader in facilitating sessions and making decisions about scheduling participants.","STC"
"I think there are leadership roles that would enable Jenson to hone his skills further.
","NA"
"I'm hoping to give her more of a leadership role in the spring to help lead/train the other interns.
","NA"
"Although the opportunity was not available often during this internship, Nithinkumar could use more growth in running projects.","NA"
"I would have love to see the intern take more leadership role in the office.
","NA"
"I selected Leadership becauseThomas has taken the lead in establishing the VR Immersive Space at the Watt Center.","NA"
"But in doing so he also displayed considerable collaborative and communications skills.
","NA"
"I would like to see Niko step up a little bit more during team meetings to express his needs offer his knowledge to others.
","STF"
"I would like to see Raylan become more vocal at expressing his thoughts and questions when tackling tasks and projects.","NA"
"Yet I feel he has the ability to be vocal and take the lead if he had more confidence or experience.
","IDK"
"I would not expect any student undertaking an intern programme to have developed significant leadership skills at her relatively young age.","NA"
"I would not say that Derek struggles with leadership, but just has limited exposure to leading in an industrial environment.","NA"
"I think that Derek can pick this up quickly as he seems like a natural leader, but just needs more time to adjust to newer environments.
","NA"
"Her work is outstanding and she will make a great leader.
","NA"
"I wouldn't necessarily say she needs major improvement in this area.","NA"
"Im not sure Tykia has had a lot of opportunities to build her leadership skills, and she didnt really have a chance her first semester with us.","NA"
"However I see that as she wants to pursue an engineering career, she will benefit from some practice in leadership.","NA"
"Shes clearly bright and willing to take on these roles.
","NA"
"Although the opportunity was not available often during this internship, Raj could use more growth in running projects.","NA"
"I have this planned for him before the internship ends.
","NA"
"Ive seen how Jenna interacts with other members on our team and the way she is a dedicated team leader.","NA"
"She is attentive to detail and keeps me informed of everything going on with the rest of our team when I am taking care of other projects.","NA"
"It is one thing to work well with others, but another to achieve a goal while strengthening a team and leveraging the various skill sets at your disposal.
","TF"
"While I am certain we all have considerable room for improvement in many areas, I'm honestly unable to presently identify which of these would be the greatest opportunity for advance in his case.","NA"
"I'm not sure if this is necessarily an area of improvement","NA"
"but I haven't had the chance to evaluate this competency through this role.
","NA"
"and it's pretty much the only category that would fit.
","NA"
"I'm unable to assess his leadership skills since he works on an individual project.","NA"
"In his position on the jobsite, Tyler hasn't been given a great deal of opportunity for leadership.","NA"
"I think given an enhanced opportunity to lead a group, Tyler will do very good.
","NA"
"I think this can be an area that he could work on.
","NA"
"In the beginning of his internship Max felt it was difficult to impose his leadership to others, but with the guiding of us, we have seen an impressive improvement in this area.","IDK"
"In this UPIC role, there hasn't been too much opportunity for leveraging others' strengths to achieve a vision; which I would consider organization/personnel management leadership.","NA"
"However, I do believe she demonstrates leadership skills in terms of project management.
","NA"
"Interaction and open communication is the key to success and flawless execution of tasks.","NA"
"While Unnati showed already a great way of doing so I would like to encourage her to further improve it his area since I believe it to be the key factor for success.
","NA"
"Hesitant to put herself in a leadership type role.
","NA"
"Intern has strong leaderships skills that, through further development, will help position for future jobs
","NA"
"Once intern develops confidence in an area his leadership skills may very well kick in.
","NA"
"Intern really didn't show any weaknesses.","NA"
"Intern showed progressive leadership skills among peers in projects or personal endeavors
","NA"
"His natural personality is more quiet/timid and if he strives to be a leader in Gray Court it is important for him to learn to speak clearly and affectively with colleagues.
","NA"
"However, it takes a leader to maintain the confidence to teach effectively.
","NA"
"Melissa had challenges with a group member who would miss deadlines or not respond to communication.","NA"
"She ended up taking on the work herself instead of dealing with the situation.
","NA"
"It's difficult to identify an area that needs improvement.","NA"
"She did so well in every aspect of her position.","NA"
"it's my perception that he just hasn't yet had opportunities necessary to learn and grow in this area.","NA"
"strengthening upward/outward influencing skills will help with his research as he seeks inputs from all levels of our company.
","NA"
"Izzy worked extremely hard in the Makerspace and provided great leadership to the students.","NA"
"This semester the Makerspace provided support to over 300 students from all majors.","NA"
"I believe she is ready for this role in the coming semester.
","NA"
"Jack excels already in most other areas.","NA"
"Jackson was able to lead a team of a dozen student hourly workers to maintain a safe and accessible environment for students of all backgrounds to learn machine tool practices
","IDK"
"Jacob has done an excellent job with helping to lead a cross department internship project with multiple interns in multiple different disciplines.","NA"
"All of this is going to be group presented to the mentors/supervisors on a subject matter that is really needed.
","NA"
"I think if she were more extroverted and spoke up more, she would excel in leadership.","NA"
"Jacovia works well with others and has demonstrated the ability to use others' strengths to complete tasks.
","STF"
"She encouraged her residents (members of the Wellness LLC) to be well and take part in different wellness opportunities on campus.
","STF"
"Jake is a leader!","NA"
"Jake is easy to work with and communicates well.","NA"
"Jasmine found it hard to share assignments with other interns and student staff.","NA"
"Jenna did a great job of leading, but she could work on being a stronger leader and ensuring the members do their parts.
","STC"
"Jenna possesses a great deal of potential for leadership within our internship group.","NA"
"I think her vision and work ethic during projects would benefit the group as a whole, and I am interested in seeing her help other interns gain skills they don't currently possess.","TF"
"All of the pieces and components are there, but I want to see how they come together in future semesters at the Watt Center.
","NA"
"She does a wonderful job at leading the office and working with newer interns to meet goals and objectives!
","TC"
"She was an amazing asset to our team, but I would love to see her excel in leadership.","NA"
"Jillian does good work when given very specific tasks.
","NA"
"Hopefully, he will have the chance in the future.
","NA"
"John still has a lot to learn in terms of leadership.","NA"
"Jonathan has the ability to take initiative and lead very well.
","NA"
"Jordan is incredibly bright and talented.","NA"
"At times she seemed to lack the confidence to dig deep into projects.","NA"
"I valued Jordan's work ethic and would expect given more time in our organization she would gain the confidence needed to tackle larger projects and take on additional responsibilities.
","NA"
"She could look for places to take initiatives.
","NA"
"Joseph should take the initiative in leading.
","NA"
"Julia has done a great job working with us.","NA"
"This presented her with some challenges as she led a group of undergraduates from diverse fields in analyzing qualitative data.
","NA"
"Many of her peers have years of experience doing what they do, so it can be tough for an intern to step in and become a leader among them.","NA"
"Justin has great technical skills and knowledge, is adaptable and resilient and a reliable worker.","NA"
"Katie has all the necessary skills to move to the next level, and begin to explore leadership roles in organizations she is involved in.
","NA"
"I know that is a big statement.","NA"
"But it is also appropriate.","NA"
"She has been great at working directly with people.","IDK"
"She excels in her efforts (and success) in hiring, training and coaching new employees.","STF"
"She is also great at keeping a level head when conflict arises and works to make sure that she understands things from the other person's perspective before she acts.","STF"
"When it comes to management, she exhibits strong leadership skills that will serve her well in life. 
","NA"
"We plan on training him to be one of our mentors, working more with our incoming underrepresented STEM freshmen.
","NA"
"Kendal led well","NA"
"Kimberly worked well with her mentees in guiding them to get involved with campus activities.
","STF"
"Laycee managed 6-7 people this summer.","STC"
"She was not afraid to take on hard tasks and make schedules work.","NA"
"She took on projects head on and got them finished.","NA"
"Leadership - Madi is a great leader but if she can take her charisma, drive, and energy, and find away to replicate that in other humans, she will change the world.
","IDK"
"Andrew has show growth potential in leadership
","NA"
"2nd year working for me and helped teach others
","STF"
"Leadership is a difficult talent which requires practice if not innate.","NA"
"Leadership is a field where I feel he needs to improve.","NA"
"Leadership is a quality BMW expects from all of it's associates and would be an area for development.","NA"
"She works hard in the office and is willing to help outside of the office.","NA"
"She is already on a path to grow as a leader by being involved in so many campus organizations, particularly the Chapman Scholars Leadership Program.","NA"
"I know that Kiah will accomplish great things as a student leader and beyond.
","NA"
"Leadership is Michael's greatest area for and opportunity for improvement, especially in regards to intentional collaboration with fellow interns; communicating his leadership role and qualities will be vital to partnering with the other returning intern next semester.
","NA"
"Leadership is very important in all companies.","NA"
"Liana improved her leadership.
","NA"
"I think through time, Kelly will improve and attain leaderships skills needed to manage and coordinate projects.
","NA"
"Leadership skills often increase with time spent in professional environments.","NA"
"Leadership was selected only because of limited opportunity for leadership as an intern over a summer.
","NA"
"Leadership, because this is a necessary trait to manage the student shop
","NA"
"Leadership-Was unable to assess
","NA"
"Leads the autonomy team; provides coherence and instills rigor into the team
","IDK"
"Leads the IC engine team.","NA"
"Makes sure things get done and keeps the entire team motivated.
","STF"
"Lillian has evolved into an outstanding leader.","NA"
"She has typically been very quiet for years but in the last year she has risen into this huge calm abiding force for good.","NA"
"During the internship we made it a point to expose her to leadership improvement opportunities.","NA"
"Mackenzie is excellent at utilizing others strengths to achieve a vision and goal
","TF"
"So she did not have the opportunity to demonstrate team-building leadership skills with any collaborators.","NA"
"and she will need to be a mentor for both of them, identifying their skills and helping me utilize them in the office operations and her specific event planning duties.","TF"
"I look forward to seeing those efforts unfold.
","NA"
"Maggi has the potential to be a great leader.","NA"
"At this point in her development, she simply hasn't had the same amount of practice in this area as she has in other areas.","NA"
"Maggy has not had a ton of opportunity thus far to showcase her leadership.","NA"
"Hopefully, we can find areas for her to step up and continue to grow in this area.
","NA"
"I would recommend to improve it more and more.
","NA"
"Maren is a great leader but could continue to grown in her leadership as she develops the ability find a utilize the strengths of everyone in whichever group setting she is in.
","IDK"
"Armoni is so used to having to rely only on herself to accomplish her goals that she sometimes has an expectation that others will fail to follow through.
","NA"
"She can improve on encouraging and motivating her peers, and on interacting with them to express her enjoyment of their being on the team with her.","NA"
"She also struggled with following rules relating to no texting or using smart phones while in the office at your desk, despite having received those rules clearly in writing and verbally.
","NA"
"She has excellent people skills and is very adept at networking with others to complete assignments.
","NA"
"Mary took responsibility for and excelled at leading a team of student workers.","NA"
"Matthew is a Sophomore, and he is new to a leadership position.","NA"
"He struggled to meet the 160 hour commitment this semester.","NA"
"He has the potential to be a strong leader, so this UPIC internship was very valuable for him.","NA"
"She organized all the events and made sure she increased the downloads.
","NA"
"McKenna has wonderful leadership qualities that I've been able to witness during my time with her, but I see a lot more potential for her to emerge as a leader among her peers.","NA"
"She was able to see a need and bring groups together and help solve problems.
","TF"
"Her professionalism, strong ability to lead meetings, and creativity has led her to have an important role in our department.
","IDK"
"As a single co-op in our lab, William did not have much of an opportunity to demonstrate his leadership potential.","NA"
"but he did not have a chance to demonstrate that.
","NA"
"Melissa has grown a lot in her leadership abilities over the last semester and continues to improve every day.","NA"
"She became a certified DTTAC Diabetes Prevention Program Lifestyle Coach and was able to facilitate sessions on her own.","NA"
"Over the last semester she has led several one-on-one and group class sessions.","NA"
"Melissa was placed in a leadership position this semester and really embraced the role.","IDK"
"She was like a mentor to the interns that reported to her and really excelled in leading them to a successful semester.
","NA"
"Mihir needs to improve leadership decision making capabilities.","NA"
"However, these abilities of his were not tested because he was in a junior role.
","NA"
"While she handled herself pretty well, she will likely further develop her leadership skills as she has more opportunities to practice leading.
","NA"
"more comfortable following
","NA"
"Morgan has the knowledge base to manage other areas (depts) involved in her scope of work.","IDK"
"She should work to become a leader by gaining the confidence needed to delegate tasks and create a stable & successful process for all areas involved in the supply chain.
","TC"
"She is able to create and convey a plan and build a team into a successful unit.
","IDK"
"Mr. Mukherjee is a junior graduate student and has not gotten a lot of opportunities to practice and demonstrate his leadership potential.","NA"
"As a student intern, I think there is always room to grow with respect to leadership and ownership.","NA"
"However, there are a couple of projects for next semester that I am going to let her take the lead on and look forward to seeing even greater growth in this area.
","NA"
"Mr. Prasad is very intelligent but seems to be a bit shy at times.","NA"
"Ms. Dale is very intellectually aggressive and driven.
","NA"
"I have full confidence that she'll do great things for her new employer!
","NA"
"Management and corporate leadershp will recognize and reward both collaboration and leadership skills in different ways.","NA"
"My encouragement to all students is that Collaboration and Leadership skills are critical to students for long term success in this field.","NA"
"Once you have established command of a technology and are good at analyzing and solving problems, which is the fundamental element of the computer science and engineering fields, the two skills that are going to take you the farthest in your career will be collaborating/working together on the team despite the circumstances, and secondly, leadership if you want the distinction, the risks, and the rewards of both success and failure.","TC"
"n/a
","NA"
"NA
","NA"
"Hopefully she gains this maturity with experience in her PhD and beyond.
","NA"
"Namrata was not asked to lead or innovate, which could be assessed in a future position.","NA"
"I recommend that Namrata leverages her leadership education and acquires more assertiveness, she definitely could use some practice - but that was not required in this role.
","NA"
"Natalia needs to be more aggessive and less passive in her leadership skills
","NA"
"As an intern and young in the professional career, I wouldn't expect leadership to be a strength.","NA"
"Need more to be proactive in driving new ideas
","NA"
"Needs higher comfort level to get people around her excited about work, but this is very minor.
","NA"
"Nick did not have many opportunities to develop this skill
","NA"
"As a student at this point in her career, she is often executing the vision of others.","STF"
"I encourage her to seek opportunities to develop and grow her own vision in both her work and service.
","NA"
"It astounds me to think about the young lady who started here in August 2017 and to see how much she has transformed since that time.","NA"
"I dont list leadership as the greatest area for improvement because she lacks these skills; on the contrary, in the coming semesters I know she will be the best leader for the Media and Graphics team.","NA"
"As we move into the fall semester, Nicole will be taking on the role of lead intern for my Media and Graphics team.","NA"
"Nik was put into the highest leadership role early on in his time with our staff.","NA"
"No opportunity to assess this area.
","NA"
"As an intern, you are not frequently in a leadership position.","NA"
"There was not ample opportunity to demonstrate this trait.
","NA"
"None at all.","NA"
"None of these options are weaknesses for Daniel, and he is quite balanced across all of them, so its hard to choose one, and I am waffling between Collaboration and Leadership because they work together.","NA"
"Out of good collaborative experiences, strong leaders will emerge.","NA"
"Not yet experienced in this skill, however opportunity hasn't been presented.
","NA"
"Notice a willingness to work and be part of the team but nor to drive and take charge and own a specific part of the project.","NA"
"Olivia was shy at first","NA"
"but after she became comfortable in her position, she excelled and came up with her own ideas to help market our facility.
","NA"
"She is always positive and read to help everyone any way she can.
","NA"
"Once Nicole gains confidence and experience she will be a natural leader in any field she chooses.
","NA"
"Only because I do not think he was able to get a lot of leadership experience in this role.
","NA"
"only because she tended to prefer to work by herself and didn't take on a leadership role
","NA"
"only two months in the company
","NA"
"Our office hasn't given Charlotte many opportunities to have a leadership role, but, we're confident, if given, she would excel.
","NA"
"Pain & simple","NA"
"Part of the job description for this internship is that students will identify promotional/marketing needs that we lack at the Watt Center and work to fill those gaps.","NA"
"We meet regularly as a team and I check in with interns at almost every shift, but I also want the students to develop their own ideas and work with one another to bring those ideas to life.","TF"
"I feel like I spent a vast majority of the semester hand-holding and prodding her to complete projects, even after I gave her all of the materials she would need.","TC"
"I know she is very talented and theres a lot of potential for growth in the future.
","NA"
"Patrick has grown in his involvement with our PEER WISE outreach events; from being just a participant or worker to a leader.","NA"
"Students gravitate to him and he encourages them in their educational pursuits.
","STF"
"Patrick has worked well with SHPE and PEER as a mentor to help bring more awarenees of the Hispanic community and getting his mentees involved in community events and academically.
","NA"
"Quanyi is advanced in all areas, however, given the position she was in and the short time period in which I was able to observe her work, there was not much opportunity for Qianyi to show her leadership skills.","NA"
"This is the only reason why I would list it as an area for improvement.","NA"
"As Harshit progresses in his career, Leadership and team-building will be required to grow other team members and accelerate his personal growth.","NA"
"Harshit has not been in a position to demonstrate significant leadership during this term, but I'm confident he will contribute in those ways when given the opportunity.
","NA"
"Quiet and shy; but knows how to work well with others
","NA"
"Rachel is very capable and works well with others but seems to shy away from initiating a lead position.","NA"
"Rachel spearheaded many of the activities for her fellow mentors and guided her mentees with excellance
","NA"
"Reagan is diligent and I would like to see her confidence continue to improve as she works with the rest of our team.","NA"
"Reagan is pretty quiet and shy, but he is extremely knowledgeable.","NA"
"His intellect could translate into leadership down the road.
","NA"
"With her exceptional communication and collaboration skills, I think she can progress to the next level by taking leadership on projects and helping others gain the confidence that she displays.
","NA"
"Recognizing that providing others the opportunity to lead will help in their overall development.
","NA"
"She has great talent, but needs to be more vocal about her thoughts and confident in her abilities.
","NA"
"What she should focus on when she observes an opportunity is to speak up sooner.","NA"
"Robert could improve in the area of recognizing gifts and skills in others that could prove helpful to the overall vision.
","TF"
"From her experience level and history, I would think that this is an area where she needs more exposure and thus training.","NA"
"In regard to the other fields, Abele is either competent or above average for her age and experience.
","NA"
"Because he excels in every one of the competencies, I'd have to say that Leadership is the greatest strength as his mastery of this concept flows into all of the others.
","NA"
"He leads many projects for Pearce and we have come to rely on his leadership and seniority.","NA"
"We often have new interns and they look to Saavon for mentorship and guidance.","STF"
"Sally did not have any opportunities to build this skill in this internship.
","NA"
"Sarah has always been a leader on the Rowing team, however, in this internship I witnessed leadership outside of sport.","NA"
"She also should leadership to work with University leaders to secure additional funds for a speaker.","NA"
"The best part was that she took the initiative and was able to deliver.","NA"
"Sarah has really developed into one of the outstanding student leaders at Clemson.","NA"
"Her engagement with her peers as an advisor, assumption of leadership roles - both within her department and the Honors College, and regular commitment to extra- and co-curricular activities (Grand Challenges Scholars, undergraduate research, the sailing team) all helped Sarah to be an exceptional peer ambassador.","NA"
"Sarah possesses a great deal of potential in her leadership skills.","NA"
"I can already see her skills emerging in the intern department, but I have no doubts that she will continue to grow as a strong leader in future semesters.","NA"
"I really see Sarah becoming a strong guiding force for my intern team in the future.
","IDK"
"Savannah is a strong leader.","NA"
"Self-starting, positive attitude, and creative.","IDK"
"1.)","NA"
"Nic has a great attention to detail and every project he was a part of was completed above and beyond what was asked of him3.)","NA"
"Serves as DO program manager and is able to pull the entire team together
","NA"
"Additionally, I think he has the ability to become a great leader withing the Makerspace team.
","NA"
"She communicates well with other people, adapts well with any situation and new tasks, and has a great work ethic.","NA"
"She did not have an opportunity to really lead others, so I feel that this is something that can always be worked on.","NA"
"She didn't have a ton of opportunity to do this  would like to give her more next semester.
","NA"
"She has been able to expand her role as the lead intern and help me delegate tasks to others.
","STC"
"She has no intern co-workers here this summer, so I couldn't observe leadership skills but I'm sure that she has great ones in a setting with colleagues/co-workers/peers.","NA"
"I don't see this as a greatest area for improvement, but I was forced to choose one.
","NA"
"She could do an even better job to keep her group and client informed of the project status.
","NA"
"She hopes to start presenting workshops next semester, so this would be a great area for improvement!","NA"
"She is much more of a follower and could expand on her leadership skills.
","NA"
"She is not someone who speaks up or be up front and leads a group, however, she has great communication, collaboration and problem solving skills.","NA"
"She just needs to have more confidence in herself when telling people what they have to do.
","NA"
"She leads by example.","STF"
"They learned study skills, time management, and the importance of communication with faculty, UPICs and peers.
","NA"
"She works well with others, makes a good observation of people, and has a good foundation to be a great leader.","IDK"
"Shyla is a great leader.","NA"
"All of her mentees this year enjoyed her being their mentor.","NA"
"She is also not afraid to speak up and give an opinion.
","NA"
"Siddartth worked with suppliers on some critical projects.","NA"
"Sierra did an excellent job using other's strengths to help accomplish her goals.
","IDK"
"Since we could not provide any leadership experience for Sam in the intern position, I am sure he will grow as he is able to guide others in the future.","NA"
"So I didn't see a lot of this in her this semester, which is why i'm choosing it for this.","NA"
"I really think she has it in her, but I don't know that she really had an opportunity to do that this semster, either.","NA"
"However, she is very driven and focused on doing good work.
","NA"
"Sometimes I think Erika likes doing the things she likes.","NA"
"Sri will be a good leader one day, she has the ability to go far in our industry.","NA"
"Sri needs to gain more confidence in herself, which will come with experience.
","NA"
"Still needs to be able to assert his plan on his team, he works well with the management team above him.
","STC"
"Student has shown great confidence in managing projects and interacting with multiple department within the plant
","NA"
"Sydney is fully qualified to take on a leadership role and just needs to continue looking for those opportunities.","NA"
"Here biggest weakness in this area is not stepping forward and pursuing those opportunities.
","NA"
"Ashleigh could work on her leadership skills.","NA"
"Tarlan is very young and lacks experience in the work place, but has a great deal of potential to be an excellent leader
","NA"
"Taylor was not in a leadership role and so this competency was least used.
","NA"
"Teresa established herself as a leader very quickly during her time at the Watt Family Innovation Center.","NA"
"She was able to take the lead on projects and became someone I could rely on to quickly and efficiently finish tasks.","NA"
"She's not afraid to take on a diverse range of projects, from photography, to videography, to designing major pieces for our exterior light display.","NA"
"I know her technical skills and ability to collaborate with others will aid in her success wherever she works in the future.
","IDK"
"He has been assigned greater responsibility for next semester, and hopefully he will develop the leadership skills with some more experience.
","NA"
"The internship did not offer leadership opportunities so I did not get to assess Abby's leadership skills.
","NA"
"What she does within the realm of communication could be expanded upon to further recognize and capitalize upon the strengths of those she is working with.
","STF"
"The internship did not provide an opportunity for Vanessa to lead others so I am unaware of her leadership skills.
","NA"
"The only reason I suggest Leadership is because I didn't have an appropriate amount of time to measure Jake's leadership.","NA"
"The options to actually apply Leadership skills were limited in the scope of the internship, however I see this area as one that he could benefit the most to optimize efficiency in his work.
","STC"
"There was not an opportunity to fully test these skills, but that is generally an area where improvements can be made.","NA"
"There were not many opportunities for Ameya to show leadership skills due to the nature of his role.","NA"
"He may have good leadership skills but it was not necessary for his internship role.
","NA"
"In some cases this works very well, but I'd like to see her feel more comfortable and confident about taking initiative and being instigative.","NA"
"But then again, this was Savannah's last semester at Clemson","NA"
"
","NA"
"This intern position does not have much opportunity for the student to exercise her leadership.
","NA"
"So would suggest if future internship opportunities arise maybe a Leadership role would assist.
","NA"
"This is an area he'll grow inevitably as he develops in his professional career, just needs more experience which will come with time.
","NA"
"Leadership is challenging.","NA"
"She did a great job, but practice will make her more confident.
","NA"
"She will try other methods, but if she can not get them to get involved she will become frustrated.
","NA"
"Leadership is an area of consistent growth for everyone.","NA"
"This is difficult as I think Deepak is a well-rounded individual.","NA"
"This is hard because Becca possesses all of these skills.","NA"
"She needs to understand what is being asked and how to do the task, once that is understood she can easily do anything you ask her and go above and beyond.
","NA"
"Eileen could work more at leading others.","NA"
"Her comfort zone is working by herself.
","NA"
" As Ally's career progresses, I have no doubt she will be able to pull from her experiences as a student-athlete and business professional to become a great leader.
","NA"
"This is just because she wasn't really a project lead this semester","NA"
"This is mainly due to experience level and opportunities to grow leadership.","NA"
"I've started to see developments on this front recently assisting in training for new hires.","IDK"
"This is not something she is able to do a lot in this position, but in the future maybe working more closely with the other interns and GAs in the office she could take the lead on a social media campaign
","NA"
"This is partially because we don't give her the opportunity to lead others in our office, although she does a fantastic job of taking the lead on entire projects.","NA"
"Her work is excellent, but stepping back from it to see how each of these features or stories we tell fits into our overall strategy as an office would benefit her.","NA"
"Once again, this is partially our office's fault for not explaining these things and more clearly articulating our vision, but I think someone can easily get burned out in a role if they approach it in a way that is too workmanlike.","NA"
"This is what we would expect.","NA"
"It's difficult to lead while learning a new skill.
","NA"
"This will come in time.
","NA"
"This isn't truly a problem, but I will encourage her to show leadership in making suggestions and volunteering ideas.
","STF"
"This may already be an area that Chris excels at, but it wasn't a skill he leveraged during his internship at NCR.","NA"
"This may be only my perception, since I was not close with Shahab 8hrs a day, but I feel he could learn new things faster or solve problems more efficiently by brainstorming with colleagues and formulating rough ideas to others and receive feedback or alternate approaches.
","STC"
"This past semester John was learning the ropes, but in the future he will be expected to lead new recruits and pass his knowledge and experience to them.
","STF"
"I think though, as she gains more experience, she will be an effective leader, as she is a critical thinker who is able to prioritize her work and meet deadlines.
","STC"
"This semester I gave Jillian several opportunities to lead projects and make them her own, rather than having her do tasks for me related to these projects - she was very successful at this.
","NA"
"At this stage of the internship, Leadership would be a difficult competency to demonstrate but needs to be an area of focus as Alvin progresses in his career.
","NA"
"However, Cole has now been voted the VP for the Makerspace.
","NA"
"This semester, Ashley has really shown growth in the area of Leadership.","NA"
"This should not be seen as a knock on Ally.","NA"
"This position just doesn't lend itself to really leading others.","NA"
"This should not be seen as a knock on Dani's ability, but more a reflection on her experience.","NA"
"As her full-time career grows, I have no doubt that she will become a great leader.","NA"
"This student has been highly proactive in coordinating work with his mentor and other collaborators for carrying out excellent research work.
","NA"
"This student may have great leadership but his position didn't give him a stage to show it.
","NA"
"Furthermore, her leadership skills were not strenuously tested during this internship.","NA"
"One of Sneha's tasks was to work with another undergraduate level intern, and she sufficiently helped and guided him whenever he approached her with specific questions.","STC"
"This will be derived from experience as Lili continues to grow.
","NA"
"Thomas is reserved and can easily get lost in the crowd if he is not held accountable or challenged on a regular basis.","NA"
"Though it is more difficult for the intern to excel at leadership, I would like to see him become more self motivated to take on specific task within the office.
","IDK"
"I believe she has the ability and would encourage her to grow in this further.
","NA"
"Tiffani is a great leader, but as many of my other mentors she could use more practice in her leadership skills.","NA"
"Tiffany is truly autonomous and takes initiative in her work to make it the best!
","NA"
"She took projects such as the Clemson Students account to the next level and she helped our newest intern out tremendously.
","NA"
"If there is anything that Tony can do or improve to make things easier for his coworkers or supervisors, he is more than ready and willing to do so.","NA"
"Lastly, Tony is an excellent leader of groups and volunteers.","NA"
"He is good at keeping a list of tasks in his head that always need to be accomplish and then finds and manages the right people to complete the task.","STF"
"Very consistent in getting tasks done punctually, high quality of work done, and strong desire to to do a good job
","NA"
"His past mentees and present mentees still come to him for help and advice.
","TF"
"Tre is a PEER mentor in his sophmore year of college and doing an amazing job of leading his mentees.
","NA"
"She is able to see what may or may not be working in a situation and creatively think of ways to improve the situation.","NA"
"She can problem solve quickly.
","NA"
"Though she did not have many opportunities to demonstrate her leadership skills, she will in future rotations.
","NA"
"Tyler was ble to get his metors involved in campus activities and other oganizations through his leadership abilities
","NA"
"Qing is a good team player, but he needs to work on timely and complete execution of tasks for his role in the team.","NA"
"I would often find he had work completed but wanted to get something else done too before handing off what he completed to another teammate.","NA"
"But, this is something that is learned over time.","NA"
"Qing and I have spoken about it, and he's working to improve upon this.
","NA"
"Azrin maintained a great relationship with his mentees throughout the entire year.","NA"
"Very good at getting the groups started on projects without being asked.
","NA"
"very knowledgeable and could be a great leader, just needs the opportunity
","NA"
"Always willing to help and learn as much as possible about the job and the expectations.
","IDK"
"Very strong leader of the body-in-white team; excellent technical depth; leads by example and is recognized as an authority by the entire team
","STC"
"Victoria had lead the school book project for three semesters.","NA"
"She was always thoughtful and deliberate about the process.
","NA"
"When leading a group it is helpful to project one's voice and show some confidence.","NA"
"I do think he does have very good leadership skills and would flourish in an environment where he is given more opportunities to lead.
","IDK"
"Bailey brings a level a poise to the work she does that very few othere in her peer group could acheive.","NA"
"She takes charge of situations, she is self-directed and she finds ways to bring great things out of those she works with, even beyond what they thought was possible.
","IDK"
"Wasn't given many opportunities to show this so we hope to do that in the spring!
","NA"
"We welcome Liyang's involvement and critical thinking in our healthcare projects.","NA"
"However, I believe Loyang is used to a more structured environment and is hesitant to put forth ideas on his own thinking out of respect for more senior members of the team.","IDK"
"We were not able to put him in any leadership roles this semester","NA"
"but we expect he would be excellent in this area as well.
","NA"
"Whereas I believe that Aditya can and will make a strong leader one day, unfortunately this position is not well suited to show off leadership skills.","NA"
"At this distribution center, the Inventory Department consists of just one person; the Inventory Manager, so there are no employees to lead.","NA"
"While Hannah excelled in her contributions on our team, the internship role did not lend itself to a strong representation from the above listed LEADERSHIP competency.","NA"
"I can see her career benefitting from a boost in self-confidence in her knowledge and abilities going forward.
","NA"
"I can see her career benefitting from a boost in self-confidence in her own knowledge and abilities going forward.
","NA"
"While she did show leadership skills in her work on several projects, I never really felt like she stepped up as a definitive leader during the course of production on projects.","NA"
"While there have not been that many opportunities for collaboration and working with others, our organization has various departments and experts.","NA"
"I would have liked to have seen Lucinda get to know and utilize those folks more deeply over her time here.","STF"
"While Tyler works well in a team, she can improve in taking the inititiave or a leadership role.","IDK"
"She is becoming more familiar with our programs and events and hopefully will do so next semester.
","NA"
"He could expand this by learning to lead others to do things they are capable of doing, which he has been working on.
","NA"
"Worked solo most of the semester
","NA"
"Bailey worked one part-time internship and her goals were to learn job skills needed to perform her job tasks.","NA"
"In one semester, she was not able to attain the experience needed to develop leadership skills.
","NA"
"IT WOULD HAVE BEEN A BENEFIT","NA"
"BUT, THE SITUATION DIDN'T ALLOW
","NA"
"She is an excellent team player.
","NA"
"Because of not having the engineering background, Hannah was somewhat hesitant to take the lead with our STEM programs.","NA"
"Because she hasn't the opportunity to leader a team
","NA"
"Becca is a great team player, but does not always step up and take the leadership role in areas where we know that she would excel.
","NA"
"But Sarah Grace can be reserved, so it will be interesting to see how this skill develops.
","NA"
"Abby did not have the opportunity to demonstrate her leadership in our work.","NA"
"As an intern, Ben had the opportunity to lead a team in a week long focus on workplace organization and ventilation.","NA"
"Bethany was not able to be in a position of leadership, so it was difficult to evaluate this characteristic.","NA"
"If i have to choose one with slight improvement it would be leadership.","NA"
"Confidence in decision would bring her to a cut above the rest.
","NA"
"Blaine is very proactive and shows great initiative at times.","NA"
"Blaine, has been with me for two years.","NA"
"Her greatest strengths would be all of the above.","NA"
"Blaine has the patience and where with all to assist and pick up in any event/situation.","NA"
"She has been a leader in helping to train the incoming UPIC intern and make sure they have all of the information they need to succeed.
","NA"
"Leveraging these skills and developing leadership will set him on a very successful career path.","NA"
"This is not to say that Bradley has a weakness in this area, but to emphasize his great potential.
","NA"
"Bri is definitely able to identify others strengths and challenges, but she sometimes lacks the confidence to act on her instincts in helping others improve or encouraging them to tap into their strengths for future use.
","TF"
"Brianna is young and does not have a lot of experience.","NA"
"She is confident and articulate and with time and experience, people will follow.
","NA"
"Brittanie has not had multiple opportunities to grow her leadership skills and realizes that she needs to improve these skills.
","NA"
"Leadership is not a skill this internship afforded her an opportunity to practice.
","NA"
"Brooke has a strong personality and will mature into a great leader.","NA"
"Right now she is watching and establishing herself and the future leader she will become.
","NA"
"As she matures in her career, I hope she will be more confident in herself and become a leader in her field!
","NA"
"Caleb has all of the skills to be a great leader but he doubts himself, in addition he needs to understand strategy, empathy for others, and how to use his thoughts to influence others.
","TF"
"Given all of his other positive traits, I have no doubt that he will become a strong leader.
","NA"
"I listed this as an area of improvement as I believe some things he was working on independently he could've asked for help sooner or leveraged others to be more effective.","NA"
"CARMEN IS A NATURAL LEADER","NA"
"BUT SHE DID NOT HAVE THE OPPORTUNITY","NA"
"THIS IS SOMETHING","NA"
"SHE CAN ASPIRE","NA"
"Caroline lead the team that produces the English department newsletter.","NA"
"Her group successfully completed 7 issues of the newsletter which required interviewing, editing, and producing around 30 articles.
","NA"
"I think leadership includes having initiative and that's something Caroline could improve on as well.
","NA"
"Carter lead the UPIC magazine project this year and successfully managed her team.
","NA"
"She also kept her mentees engaged with other activities across campus.
","NA"
"Castles served as my right hand and delegated responsibilities to his peers.","TC"
"Catherine has not had as much opportunity for leading tasks so we plan to work on that next semester.
","NA"
"Catherine is always accepting of projects or tasks when asked, but I think she has room in grow in taking ownership of projects - identifying the next steps herself, noticing problems or issues, improving upon them, and bringing others into the project.
","IDK"
"He could benefit from the opportunity to lead and drive a high impact project.
","NA"
"Chandra's leadership and communication skills have grown during his many months here, but there is still room for improvement.","NA"
"Chanty is a great leader, but could continue to grow in her leadership skills as she finishes her senior year and approaches graduation.","NA"
"Actually, it is very hard for me to say just a one quality - Meredith is an excellent student on all those qualities.
","NA"
"Chase needs to be more empathetic and understanding of his fellow team members and then how he needs to adjust his management style to address concerns.
","TF"
"These are skills that most people develop over years in the workplace, so I would not expect a PhD student to have obtained them yet.
","NA"
"Clary lead in many ways amongst his peers.
","NA"
"other members of the team have been very independent and while Colleen would clearly like a greater level of collaboration she's not been able to find the common ground on which to build that.","STF"
"Leadership is often the most difficult skill for students to learn and I think that with another semester on the team she could make great strides.
","NA"
"Collin is quiet and reserved with staff.","NA"
"We would like to groom him to become more involved with mentoring our underrepresented freshmen students.
","STF"
"He has good leadership qualities and could do well in that capacity, but his performance in this internship showed only his capabilities for following others direction.
","NA"
"Considering that leadership is perceived / exercised differently in an international corporation like Daimler compared to the university level I believe it is common that interns like Jennifer have a hard time to exercise leadership on their own.","NA"
