ID,PID,Text
203,203_0,"""Meagan has truly been a leader, not just in the SEC area, but as a leader for all of our student employees."
267,267_1,"If she has something personally she wants to do then she is less willing to help with specific projects.
"
225,225_1,"He has improved a lot on his leadership skills but there is still room to grow.
"
266,266_2,"She tended to work alone, and was generally quiet and focused when in the office, even if other interns were also here at the time."
156,156_0,It's difficult to identify an area that needs improvement.
184,184_0,"Leadership was selected only because of limited opportunity for leadership as an intern over a summer.
"
262,262_1,"I wish we could give her more opportunities for her to develop her leadership skills throughout her work in our office. ""
"
238,238_0,"""Quanyi is advanced in all areas, however, given the position she was in and the short time period in which I was able to observe her work, there was not much opportunity for Qianyi to show her leadership skills."
305,305_0,"""very knowledgeable and could be a great leader, just needs the opportunity""
"
32,32_2,"This is not to say that Bradley has a weakness in this area, but to emphasize his great potential.""
"
156,156_2,"Leadership was selected but honestly only because that really wasn't anything she was exposed to.
"
181,181_3,"I know that Kiah will accomplish great things as a student leader and beyond.""
"
11,11_0,Alyse has incredible leadership potential and I believe has the components to be a leader in her sphere of influence - she has a quiet demeanor
215,215_1,"Once you have established command of a technology and are good at analyzing and solving problems, which is the fundamental element of the computer science and engineering fields, the two skills that are going to take you the farthest in your career will be collaborating/working together on the team despite the circumstances, and secondly, leadership if you want the distinction, the risks, and the rewards of both success and failure."
162,162_0,"James just started to take on a leadership role in the last couple months - he is just learning to lead.
"
44,44_1,"He showed managerial leadership even when spread thin between two research projects and many assignments I gave him.
"
138,138_0,"I would like to see Niko step up a little bit more during team meetings to express his needs offer his knowledge to others.
"
281,281_3,"Once again, this is partially our office's fault for not explaining these things and more clearly articulating our vision, but I think someone can easily get burned out in a role if they approach it in a way that is too workmanlike."
302,302_2,I would often find he had work completed but wanted to get something else done too before handing off what he completed to another teammate.
217,217_0,"NA
"
241,241_0,"""Reagan is pretty quiet and shy, but he is extremely knowledgeable."
166,166_1,"He can be shy at times.
"
153,153_0,"""Intern would benefit from more leadership training in prep for future positions and collaborations, building upon leadership skills already present""
"
141,141_0,I'm not sure if this is necessarily an area of improvement
253,253_1,"But I think she possesses the qualities, just needs the experience.""
"
180,180_0,Leadership is an area I have not witnesses as much.
77,77_0,"""Emma shows tremendous initiative and maturity in developing, communication and bringing to fruition her vision for Clemson's Sustainability initiatives."
222,222_0,"needs experience in leading a group
"
250,250_2,"She is quick to settle on a course of action, she is never afraid to jump in and help others, and she has a great personality."
48,48_1,"He has taken a technical lead role, but he could benefit from the experience of leading a cross-functional project.""
"
151,151_1,"Once intern develops confidence in an area his leadership skills may very well kick in.
"
221,221_0,"Need to take charge more and initiatives and not be a follower.
"
105,105_2,"I would like to see her utilize those strengths in positions of leadership to continue to grow and develop her resume.
"
143,143_0,I'm unable to assess his leadership skills since he works on an individual project.
98,98_0,"Horace displays great leadership with his mentee by guiding them in tho great academia study habits and when he sees a need of them he goesinto action.
"
182,182_0,"""Leadership is Michael's greatest area for and opportunity for improvement, especially in regards to intentional collaboration with fellow interns; communicating his leadership role and qualities will be vital to partnering with the other returning intern next semester.""
"
276,276_0,"""This is an area where everyone can grow."
109,109_6,"She has started to grow, and I believe will continue to grow professionally as a leader. ""
"
74,74_0,"""During this semester we identified that Chip would be the best person to lead the Makerspace in the Fall, based, on part, to his leadership skills""
"
164,164_1,When she returns in the spring I would like to see her step up and become the lead intern in our department.
99,99_0,"""I am working at University of Texas at El Paso."
224,224_1,"As a student at this point in her career, she is often executing the vision of others."
69,69_1,"Although she has done this to an extent, I feel she could make better use of other's knowledge and use it to her advantage."
94,94_0,"""He not only understands his strength and weakness, but he recognizes others' strength and weakness."
87,87_0,"Hannah saw where improvements needed to be made in the program and took leadership over developing new solutions.
"
18,18_0,"""As previously mentioned Alton has shown great leadership within the Makerspace."
38,38_1,"She is very quiet, but could be an amazing leader. ""
"
33,33_0,"""Brendan's role did not require leadership to be successful, but in the future Brendan could improve and be a leader to leverage others strengths to achieve a common goal.""
"
300,300_1,She is able to see what may or may not be working in a situation and creatively think of ways to improve the situation.
234,234_0,"""Part of the job description for this internship is that students will identify promotional/marketing needs that we lack at the Watt Center and work to fill those gaps."
62,62_0,"""Dalvin is pretty quiet, but I feel he could be a fantastic leader given the right opportunity."
297,297_0,"""To be honest, she is most likely all of the above competencies."
243,243_1,"She has great talent, but needs to be more vocal about her thoughts and confident in her abilities. ""
"
6,6_0,"""Alex is smart and would be a good leader."
93,93_0,"He is not an outgoing person so stepping into a leadership role and understanding group dynamics can be hard for Andrew.
"
149,149_1,"However, I do believe she demonstrates leadership skills in terms of project management.""
"
60,60_0,"Create a vision of how an area can be better and set a program to achieve this vision.
"
145,145_3,"She has shown a great deal of leadership this semester and has been my go-to intern when I need anything done.""
"
252,252_1,"However, she sometimes tends to do everything on her own and achieve a goal by herself."
65,65_0,"David has done a wonderful job serving as the lead on many projects to deliver great results.
"
38,38_0,"""By no means a weakness, Madison has been a good leader in helping the new interns learn the ropes."
314,314_2,"I think this confidence and maturity will certainly come with time and I am not concerned at all that she will not develop this strength with a little more experience.""
"
264,264_1,"She has great ideas and leads others to find their strengths as well.
"
0,0_0,"""A function of experience, I see her """"growing her voice"""" in a collaborative setting - gaining confidence in trying new ideas and expressing her thoughts and opinions. ""
"
229,229_0,"Once Nicole gains confidence and experience she will be a natural leader in any field she chooses.
"
306,306_1,"Always willing to help and learn as much as possible about the job and the expectations.
"
247,247_1,He leads many projects for Pearce and we have come to rely on his leadership and seniority.
289,289_1,This position just doesn't lend itself to really leading others.
81,81_0,"""Even though she will be studying abroad in the spring and won’t be interning for the Watt Center, I would still love to keep up with Caroline’s growth in her leadership skills."
121,121_2,It is a joy to have Meghan as an intern and watch as she grows and hones her talents and skills.
36,36_0,Brooke has a strong personality and will mature into a great leader.
70,70_0,"Demonstrated great leadership with her mentees.
"
147,147_1,"I think this can be an area that he could work on.
"
179,179_0,"""Leadership is a difficult talent which requires practice if not innate."
213,213_0,"""Much less a reflection on Emily, as the role had limited potential for leadership outcomes; Emily actually did serve as a leader among her peers, both as a senior of high academic performance, highly involved in student life and various organizations, as well as a subject matter expert who had regular opportunities to advise students on global engagement opportunities in her college."
128,128_1,"This is also a skill that she has not had a lot of opportunity to grow this year, but in the next year will have much more opportunity to work on. ""
"
41,41_1,"Given all of his other positive traits, I have no doubt that he will become a strong leader.""
"
196,196_0,"""Margeaux maintained professionalism in the office in that she was well organized, neat, focused on the work at hand."
134,134_0,I think this is Krystin's greatest area of improvement because she hasn't had a lot of leadership experience in her previous roles.
107,107_2,"This will simply come with experience as she grows in her career.""
"
121,121_1,She will go far in life as she has the confidence and the ability to make decisions and lead others.
190,190_0,"""Lindsey is always one of the first on the team to have ideas, offer feedback and opinions, and offer direction in meetings.""
"
47,47_0,"""Chandra was a critical resource on many of our projects, but he wasn't asked to lead projects."
59,59_0,"Courtney's unfamiliarity with the field kept her from exercising the confidence needed for leadership.
"
110,110_0,"""I feel that Mikaela is a leader, but true leadership takes a while to master so she could continue to work on this area. ""
"
280,280_1,"so I wasn't able to see her leadership skills.
"
117,117_1,In all of my employees and myself.
103,103_1,"She gets others involved, but do not know if she sees the strengths youth have or the potential they have in all situations. ""
"
249,249_1,She is very confident and passionate about student-athlete health and wellness.
52,52_0,"""Chip, doesn't always make decisions, sometimes he defers to Owen, when he should make the decision himself.""
"
277,277_2,She is a born leader once she is given the tools to succeed.
163,163_1,"She was very conscious about wanting to make sure assignments were done thoroughly.
"
4,4_0,"Adele is still trying to figure out what she wants to do.
"
117,117_2,Brooklyn is no different.
199,199_0,"""Max could do more to embrace opportunities that arise for leadership among his peers; he has the knowledge and communication skills to effectively lead, but is still working on the confidence in those abilities necessary to accept more leadership as part of a team.""
"
310,310_0,"Victoria has leadership skills but could continue to strengthen her ability to utilize the strengths of all of those in the group surrounding her as she moves forward in her degree and towards graduation.
"
140,140_2,"That said, I haven't yet explicitly expected leadership attributes from him, and have been sufficiently immersed in my Chair roles that I'm uncertain of the degree to which he's expressed leadership properties in his first-semester work with us.""
"
51,51_0,"Chase needs to be more empathetic and understanding of his fellow team members and then how he needs to adjust his management style to address concerns.
"
279,279_0,"""This is just a hard area for an intern to work on because they are generally the """"low man on the totem pole."""
312,312_1,"but we expect he would be excellent in this area as well.
"
21,21_1,In those cases she is not sure how to motivate them to get involved.
107,107_0,"""I don't really feel like there is an area where she could improve."
194,194_1,"At this point in her development, she simply hasn't had the same amount of practice in this area as she has in other areas."
234,234_1,"I am a one-person department here, so I rely heavily on the help of my interns to complete projects and ensure that we have new, fresh content going out for all of our marketing and promotions."
281,281_4,"If you're just completing tasks to get them done instead of seeing how they contribute to a greater mission, it's not hard to see why you would lose interest or burn out.""
"
263,263_3,"She is also not afraid to speak up and give an opinion.
"
234,234_3,"We meet regularly as a team and I check in with interns at almost every shift, but I also want the students to develop their own ideas and work with one another to bring those ideas to life."
198,198_1,He struggled to meet the 160 hour commitment this semester.
280,280_0,This is just because she wasn't really a project lead this semester
115,115_0,"""I honestly have not had many opportunities to witness Maddie's ability to articulate a vision for an assignment or assess the skills of others to achieve that vision."
168,168_1,She was competent and completed her work.
21,21_0,"""Ashley is a very good leader, but there are times when others are not willing to do something."
29,29_0,"""Ben's greatest area for improvement is in the category of leadership."
69,69_0,"""Delaney has been tasked to complete one """"big project"""" before her internship has finished and was recommended to seek out advise and insight from people in other areas of the business."
155,155_2,"However, it takes a leader to maintain the confidence to teach effectively. ""
"
181,181_2,"She is in the first year of this three-year program, so there is still a lot of learning and development to be done."
272,272_4,"In helping teach younger interns, she has also gained delegation skills that further sharpen her leadership qualities."
134,134_1,"I'm hoping to give her more of a leadership role in the spring to help lead/train the other interns.
"
12,12_0,"""Alyse is a silent, incredible leader - but she is quiet."
26,26_1,IT WOULD HAVE BEEN A BENEFIT
209,209_1,"She should work to become a leader by gaining the confidence needed to delegate tasks and create a stable & successful process for all areas involved in the supply chain.
"
18,18_1,"Additionally, I think he has the ability to become a great leader withing the Makerspace team.""
"
77,77_1,"She has outstanding leadership skills that will take her far in her career.""
"
170,170_0,"Judith is building confidence in herself and will soon feel the ability to lead others.
"
189,189_2,"These leadership skills complement her analytical skills and help her growth.
"
31,31_0,Blaine is very proactive and shows great initiative at times.
247,247_0,"""Saavon has been a Pearce Center intern for many semesters."
287,287_1,"However, Cole has now been voted the VP for the Makerspace.""
"
239,239_0,"Quiet and shy; but knows how to work well with others
"
141,141_1,"but I haven't had the chance to evaluate this competency through this role.
"
168,168_0,Jordan is incredibly bright and talented.
64,64_0,"""Danielle didn't have many opportunities to demonstrate her leadership skills while she was with us; however, I believe she would have great skill and confidence in anything that she attempted, so continuing to develop her leadership skills when given the opportunity would be to her benefit.""
"
179,179_1,"This is his greatest area for improvement because he lacks the hands on experience necessary to be a tactful and effective leader, however he does have a natural ability to lead others and will become an excellent leader one day.""
"
314,314_1,I would have liked to have seen Lucinda get to know and utilize those folks more deeply over her time here.
267,267_0,Sometimes I think Erika likes doing the things she likes.
155,155_1,"We (the mentors) were really the leaders in our areas of expertise, the intern was more focused on learning and presenting to others."
261,261_0,"""She leads by example."
234,234_9,"I know she is very talented and there’s a lot of potential for growth in the future.""
"
214,214_3,"I selected Leadership not because it is an area for improvement, but because I see the potential in this individual as having natural leadership skills already, and just needs to capitalize on those skills. ""
"
42,42_0,"""Carl did amazing during his internship and has a lot of leadership potential."
271,271_0,"tends to work quietly alone
"
218,218_0,Nafiseh needs to be able to articulate why the problem is important for her and why solving the problem will be impactful.
112,112_1,"Alos with his mentee's he displays great leadership skill.
"
92,92_2,"He puts the example.
"
281,281_1,"I do think that she might benefit from thinking about the """"why"""" behind the student video features we do in addition to getting them done."
244,244_4,"Let people see her leadership skills up front instead of at the end of a project.""
"
176,176_0,"""Kendal has a quiet demeanor but is very organized, goal-oriented, and seems to have a good handle on balancing school and work."
113,113_1,"I am unable to truthfully access this question and will work to make sure she gets some leadership opportunities in the future.
"
10,10_0,"""Although Owens leadership skills are good, he does not always delegate as much as he could."
26,26_2,"BUT, THE SITUATION DIDN'T ALLOW""
"
197,197_0,Mary leads the student team tasked with all data acquisition for the upcoming forest products sale.
117,117_7,"I do however, feel that she will excel when she has the opportunity to develop in this area. ""
"
166,166_0,John still has a lot to learn in terms of leadership.
122,122_1,"I would say there's not as much collaboration in my work site as there is at others, which leaves fewer opportunities for any of the interns to assume a traditional leadership role."
198,198_4,"In another year or two he will be outstanding.""
"
263,263_1,All of her mentees this year enjoyed her being their mentor.
144,144_0,"""I’m not sure Tykia has had a lot of opportunities to build her leadership skills, and she didn’t really have a chance her first semester with us."
304,304_0,"Very good at getting the groups started on projects without being asked.
"
122,122_2,"However, because of what I've seen Alice do in terms of leading a project (even if she's the only one working on it), I think she shows a lot of promise and I would be interested to learn more about her leadership style in a group.""
"
63,63_0,Damea is very convincing and gets her ideas across well.
97,97_0,"""His role in this internship did not specifically require the leadership skill, but it will be necessary in his future career. ""
"
258,258_1,"She will also set a great example for career ambassadors in the spring.""
"
214,214_1,"Once you have established command of a technology and are good at analyzing and solving problems, which is the fundamental element and never ending challenge of the computer science and engineering fields, the two skills that are going to take you the farthest in your career will be collaborating/working together on the team despite the circumstances, and secondly, leadership if you want the distinction, the risks, and the rewards of both success and failure."
290,290_0,"This student has been highly proactive in coordinating work with his mentor and other collaborators for carrying out excellent research work.
"
188,188_0,"Led a team project
"
164,164_0,"""Jenna possesses a great deal of potential for leadership within our internship group."
251,251_0,"Shannon led a team of undergraduates from diverse backgrounds and drew from each of their strengths to achieve tremendous results.
"
29,29_1,"As an intern, Ben had the opportunity to lead a team in a week long focus on workplace organization and ventilation."
101,101_0,"""I believe that I didn't provide her with enough opportunities to grow in this area."
194,194_0,"""Maggi has the potential to be a great leader."
289,289_2,"However, I feel very strongly that Ally will be a great leader as her career progresses.""
"
276,276_2,"She did a great job, but practice will make her more confident.""
"
140,140_1,"While I am certain we all have considerable room for improvement in many areas, I'm honestly unable to presently identify which of these would be the greatest opportunity for advance in his case."
250,250_3,"I really see Sarah becoming a strong guiding force for my intern team in the future.""
"
1,1_0,Abby is incredibly well-rounded.
75,75_0,"Emily as our senior student intern served as a model and a guide for all of the other interns helping us to integrate them into our workflow very smoothly.
"
63,63_1,"She can improve in encouraging input from others.
"
266,266_1,"I really think she has it in her, but I don't know that she really had an opportunity to do that this semster, either."
307,307_0,"""very timid at times, stays to self""
"
247,247_3,"He is able to set a vision and ensure his team members stay on target and complete their tasks, all while being their peer. ""
"
116,116_0,"I hope her can learn to how to lead others to do sth instead of always herself finish all the things others cannot do that.
"
252,252_2,"I believe that she will be a greater asset in a team/office if she develops leadership skills and learns how to get others involved and utilize others' strength to achieve her or team's goals. ""
"
122,122_0,"""I selected leadership not because I think Alice is particularly lacking in this area, but because I think we need to do a better job of providing her (and other interns) with opportunities to display this quality."
185,185_0,"Leadership-Was unable to assess
"
265,265_0,"""Since our department's student intern position is not one who is responsible to keep others on task, it doesn't provide the intern any leadership background."
303,303_0,"Using the whole team as his resource would help Shahab grow more
"
30,30_2,"Though she leads well, assertiveness can sometimes lack."
48,48_0,"""Chandra's leadership and communication skills have grown during his many months here, but there is still room for improvement."
272,272_2,"She also was able to help teach younger interns about software programs we use while designing projects, which I think helped strengthen her leadership skills."
211,211_0,Mr. Prasad is very intelligent but seems to be a bit shy at times.
180,180_1,She works hard in the office and is willing to help outside of the office.
89,89_0,"Having worked in the Makerspace one Semester Jarod is well placed to be a great leader next semester.
"
117,117_5,She wants everything perfect and I admire that.
101,101_1,"Next fall semester, she will be working with us in a FT UPIC position, and will be managing several larger projects on her own."
202,202_1,"She was able to see a need and bring groups together and help solve problems.
"
284,284_0,This one is difficult - only improvement might be to communicate better with questions.
55,55_1,other members of the team have been very independent and while Colleen would clearly like a greater level of collaboration she's not been able to find the common ground on which to build that.
109,109_3,"By improving in these areas, she will excel in whatever career path she chooses."
277,277_0,"""This is hard because Becca possesses all of these skills."
278,278_0,This is hard because she doesn't really have a weak area.
20,20_1,"She can be a leader, but can be overshadowed by others or others do not always follow along with her plans even if it is a good plan or idea.""
"
30,30_1,If i have to choose one with slight improvement it would be leadership.
240,240_1,"As our youngest and one of our newest interns, I think Reagan will continue to learn and feel more confident in leading our """"intern team"""" with additional semesters, but we have already seen her maturity grow significantly over the course of the semester.""
"
274,274_0,"The intern has been on a good learning curve in all the other areas along with leadership but has to take more responsibility and need more team involvement in order to contribute to the growth of his organization.
"
159,159_1,He has taken such an interest that he has been able to contribute an amazing idea and lead a group of interns around the goal and objectives and art for that job.
25,25_0,"""Bailey worked one part-time internship and her goals were to learn job skills needed to perform her job tasks."
86,86_1,"She is able to keep everyone on task and complete all the work on time.
"
214,214_0,"""My encouragement to all students is that Collaboration and Leadership skills are critical to students for long term success in this field."
249,249_4,"We ended up hosting a speaker and it was a great cross campus collaboration.""
"
273,273_0,"""The intern demonstrated basic leadership skills."
306,306_0,Very self motivated and took on projects with little or no supervision.
119,119_0,"""I picked this one, because I had to pick one in order to submit the form."
58,58_1,"She brings the necessary tools to be a leader but has had few opportunities yet to execute based on those skills.
"
145,145_2,She is attentive to detail and keeps me informed of everything going on with the rest of our team when I am taking care of other projects.
216,216_0,"n/a
"
237,237_0,"Position did not provide a platform for leadership so can't assess how student would do in leadership situation.
"
42,42_3,"Regardless, he is a rockstar intern to have and i felt very comfortable having him practice leadership by dealing with other teams and managers directly. ""
"
227,227_0,"""None of these options are weaknesses for Daniel, and he is quite balanced across all of them, so its hard to choose one, and I am waffling between Collaboration and Leadership because they work together."
194,194_2,"However, she is already well-developed in other areas, such as communication, collaboration, adaptability, and analytical skills, which are important for being a strong leader, so she is will on her way!""
"
206,206_1,"However, these abilities of his were not tested because he was in a junior role.""
"
131,131_0,"I think Pranav would be a great leader in the Makerspace and something that is achievable for him
"
57,57_0,"""Connor works very well on his own and with others, but did not take charge when given the opportunity."
277,277_1,Her ability to lead and understand what is needed in a situation is remarkable.
302,302_3,This reduces agility and makes teammates wonder why things are taking so long (when in fact they've been done).
155,155_0,"""It is really hard to evaluate this given the situation."
80,80_1,"However, when given the chance she jumped at it.""
"
47,47_1,"He could benefit from the opportunity to lead and drive a high impact project.""
"
189,189_0,Lily is new in the corporate world and she is constantly learning.
113,113_0,I have not been able to provide Alyssa opportunities to lead since we are a very small operation.
26,26_0,"""BECAUSE I DIDN'T ALLOW FOR ANY EXPOSURE FOR CHINMAY."
225,225_0,Nik was put into the highest leadership role early on in his time with our staff.
22,22_1,"This will come in time.""
"
44,44_0,Castles served as my right hand and delegated responsibilities to his peers.
234,234_2,I make it clear during the interview process that there will be days that I expect interns to look for projects on their own and develop a plan for completion.
263,263_2,Every time I spoke with one of her mentees they said how much they liked her and how helpful she was.
157,157_1,This semester the Makerspace provided support to over 300 students from all majors.
260,260_0,"She just needs to have more confidence in herself when telling people what they have to do.
"
30,30_3,"Confidence in decision would bring her to a cut above the rest. ""
"
149,149_0,"""In this UPIC role, there hasn't been too much opportunity for """"leveraging others' strengths to achieve a vision""""; which I would consider organization/personnel management leadership."
163,163_0,Jasmine found it hard to share assignments with other interns and student staff.
73,73_1,"I will be asking Allie to lead a project. ""
"
53,53_0,"Chris was able to lead groups of students in a manner that both parties respected each other and work was positive.
"
37,37_1,"As she matures in her career, I hope she will be more confident in herself and become a leader in her field!""
"
257,257_1,"She could do an even better job to keep her group and client informed of the project status.
"
198,198_2,"He was rarely on schedule to log the nominal hours each week, so he had a lot of work to do at the end of the semester to meet his goals."
206,206_0,"""Mihir needs to improve leadership decision making capabilities."
215,215_0,"""My encouragement to all students is that Collaboration and Leadership skills are critical to students for long term success in this field."
157,157_0,"""Izzy worked extremely hard in the Makerspace and provided great leadership to the students."
175,175_0,"""Katie has all the necessary skills to move to the next level, and begin to explore leadership roles in organizations she is involved in.""
"
275,275_0,"""The intern who is a good team player, while needs more improvement in motivating the team. ""
"
8,8_0,"Ally did not embrace opportunities to lead (although was always a valuable team member).
"
214,214_2,Management and corporate leadershp will recognize and reward both collaboration and leadership skills in different ways.
281,281_0,"""This is partially because we don't give her the opportunity to """"lead"""" others in our office, although she does a fantastic job of taking the """"lead"""" on entire projects."
108,108_0,"""I feel leadership is the greatest are for improvement for Krystin because she is willing to take on any task given to her, but does not take the lead herself."
55,55_0,Colleen has a well balanced skill set for a writing/editing position but I would have to say that leadership in the team is where she could most improve.
35,35_0,"Brittany is aware of task ans dutities assigned
"
210,210_1,"This should be improved once he becomes senior and gets more experience in leading the team on the research projects.
"
144,144_1,"However I see that as she wants to pursue an engineering career, she will benefit from some practice in leadership."
143,143_1,"I haven't seen any evidence that he's reached out to others.
"
119,119_1,I do not have concerns regarding his leadership skills.
121,121_3,"She works well both independently and in a team setting.
"
132,132_0,"I think the students will improve on their leadership skills in their future life.
"
165,165_0,Jessica has been interning with the On Campus Extension Office for 3 semesters now.
32,32_0,"""Bradley has already a very comprehensive set of advanced skills."
211,211_1,I'd like to encourage him to break out of his shell and speak up more often.
227,227_1,"Out of good collaborative experiences, strong leaders will emerge."
189,189_1,During the internship we made it a point to expose her to leadership improvement opportunities.
294,294_0,"""Though it is more difficult for the intern to excel at leadership, I would like to see him become more self motivated to take on specific task within the office.""
"
234,234_6,"She would wait for me to bring her projects during each shift, or she just wouldn’t check in to see what needed to be done."
201,201_1,"I think this is something she is certainly capable of and will master with more time. ""
"
111,111_1,"If she could organize a better team work, I guess, it would not only be helpful for her, but the study would be done in a more efficient way.""
"
264,264_0,Shyla was a true leader for her mentees this semester.
193,193_0,"Madison mostly worked with other interns and did not really have the opportunity to show leadership skills in the short time period.
"
249,249_2,She also should leadership to work with University leaders to secure additional funds for a speaker.
105,105_1,I think A'va is well rounded in all of these competencies.
241,241_1,"His intellect could translate into leadership down the road.""
"
31,31_1,"I would love to see her step up more into a leadership roll come spring to help support and train the new intern as her knowledge of this position has grown immensely.
"
270,270_0,"Taylor was not in a leadership role and so this competency was least used.
"
208,208_0,"More convincing on advantages of his ideas
"
283,283_0,"""This may be only my perception, since I was not close with Shahab 8hrs a day, but I feel he could learn new things faster or solve problems more efficiently by brainstorming with colleagues and formulating rough ideas to others and receive feedback or alternate approaches.""
"
314,314_0,"""While there have not been that many opportunities for collaboration and working with others, our organization has various departments and experts."
50,50_0,"""Chase does put a good foot forward, he is a driver and make things happen.""
"
262,262_0,"""She works well with others, makes a good observation of people, and has a good foundation to be a great leader."
234,234_8,"She came highly recommended by a fantastic previous UPIC intern in my area (who turned out to be a great leader for my team), so I was hoping to see her really step into her own as a leader."
20,20_0,"""Ashleigh could work on her leadership skills."
7,7_0,Alexis was able to work well with her group of mentees that were from a wide range of backgrounds.
120,120_0,I rank Kshitij as having the greatest area of improvement in the Leadership category simply due to time in his position.
198,198_3,"He has the potential to be a strong leader, so this UPIC internship was very valuable for him."
203,203_1,"Her professionalism, strong ability to lead meetings, and creativity has led her to have an important role in our department. ""
"
142,142_0,"""I'm sure Dalvin would be a fantastic leader, but as a new intern it wasn't something that was expected of him"
24,24_1,"She takes charge of situations, she is self-directed and she finds ways to bring great things out of those she works with, even beyond what they thought was possible. ""
"
230,230_0,"only because she tended to prefer to work by herself and didn't take on a leadership role
"
6,6_1,"I believe he's an introvert who has a lot to say once you get him started, but you have to get him talking.""
"
234,234_7,"I feel like I spent a vast majority of the semester “hand-holding” and prodding her to complete projects, even after I gave her all of the materials she would need."
128,128_0,"""I think leadership is something that everyone can always work on, I think this is something I see Abby improving in as she takes on more and more responsibilities within the position and now that she will grow in this and become exemplary at this skill."
169,169_0,"Joseph should take the initiative in leading.
"
109,109_1,She most definitely has all the qualities of a great leader.
57,57_1,"He has good leadership qualities and could do well in that capacity, but his performance in this internship showed only his capabilities for following others direction.""
"
119,119_3,He has done an excellent job with helping a student.
249,249_3,The best part was that she took the initiative and was able to deliver.
272,272_3,"She's not afraid to take on a diverse range of projects, from photography, to videography, to designing major pieces for our exterior light display."
104,104_0,"I do not find any of these to be a particular area of weakness; but select leadership only because it is not an area where I've had the opportunity to position Wajdi in a team allowing him to take on such roles.
"
137,137_0,"I would like Joseph to take the initiative in reaching out to others in completing his tasks.
"
300,300_2,"She can problem solve quickly.
"
154,154_0,It is important when working with a large team and organization that communication is very clear and sometimes that even means verbal communication.
1,1_1,"Leadership is not a skill this internship afforded her an opportunity to practice.
"
215,215_2,"Management and corporate leadershp will recognize and reward both collaboration and leadership skills in different ways. ""
"
117,117_6,"For that reason and the fact she has had to work alone in the past to accomplish tasks, I feel she just doesn't have the experience in delegating and leading a team."
285,285_0,"""This past semester, she didn't have many opportunities to show leadership as she did last semester, but I still feel that she is strong in this area overall.""
"
124,124_0,I think Bruce could take a bit more initiative to take the lead and make suggestions when working on projects.
147,147_0,In our small setting Deron did not have a great opportunity to show off his leadership abilities.
258,258_0,"""She hopes to start presenting workshops next semester, so this would be a great area for improvement!"
133,133_0,"I think there are leadership roles that would enable Jenson to hone his skills further.
"
49,49_0,"""Chanty is a great leader, but could continue to grow in her leadership skills as she finishes her senior year and approaches graduation."
298,298_0,"Tre is a PEER mentor in his sophmore year of college and doing an amazing job of leading his mentees.
"
43,43_1,"I think leadership includes having initiative and that's something Caroline could improve on as well.
"
129,129_0,"""I think Liz has a lot of leadership potential and is already a leader in many regards, but based on the potential that she has could improve with more experience. ""
"
233,233_0,"""Paige is great at collaborating, however, she rather take on projects herself - in order to learn and grow - instead of delegating them.""
"
220,220_0,"Need more confidence to bring leadership development to the next level.
"
12,12_2,"She has all of the qualities of a great leader - I think giving her the ability to exercise that would be an opportunity of great improvement.""
"
150,150_0,"""Intern has strong leaderships skills that, through further development, will help position for future jobs""
"
16,16_2,"However, there are a couple of projects for next semester that I am going to let her take the lead on and look forward to seeing even greater growth in this area. ""
"
272,272_6,"I know her technical skills and ability to collaborate with others will aid in her success wherever she works in the future.""
"
227,227_2,"If Daniel masters the art of leadership over the next few years of his life, I think he will be unstoppable, and will be the next generation of rising stars for any company or organization he works for. ""
"
157,157_3,"I believe she is ready for this role in the coming semester.""
"
144,144_2,"As she continues to work with us, my vision is to have her play key roles in training new students and in leading projects."
284,284_1,"Hard to say because I feel Anna is already good at this.
"
40,40_0,"Can be more assertive
"
68,68_1,"It is a role she embraces and thrives in.
"
108,108_1,"While she has been my social media & marketing intern for 3 rotations, she still lacks some initiative to get projects started and push other marketing interns to do the same. ""
"
28,28_0,"Ben has a demonstrated record of accomplishing tasks and keeping the shop running smoothly
"
186,186_0,"""Leadership, because this is a necessary trait to manage the student shop""
"
154,154_1,"His natural personality is more quiet/timid and if he strives to be a leader in Gray Court it is important for him to learn to speak clearly and affectively with colleagues.
"
94,94_1,"When he develops leadership skills, he can be better at working with others, encouraging and supporting other team members by recognizing individual skills and competency. ""
"
293,293_0,"""Thomas is reserved and can easily get lost in the crowd if he is not held accountable or challenged on a regular basis."
151,151_0,Intern is working in a field that he lacks experience.
55,55_2,"Leadership is often the most difficult skill for students to learn and I think that with another semester on the team she could make great strides.
"
118,118_0,I only say this because I feel the position doesn't necessitate Alyx to oversee the work of others.
248,248_0,"Sally did not have any opportunities to build this skill in this internship.
"
246,246_1,UPIC intern we've ever had the pleasure of working with.
244,244_3,Show off her talent.
211,211_2,"I can definitely see him being a phenomenal leader in the future.
"
266,266_0,"""So I didn't see a lot of this in her this semester, which is why i'm choosing it for this."
29,29_3,"He should work to understand other's strengths and weaknesses and apply the strengths in a way that advances the team towards its common goal. ""
"
85,85_0,"""Great intern and a great person to work with."
78,78_0,"""Emmaline has had to work with many different stakeholders, including students, faculty, staff and external organizations, and she has been able to achieve her vision in doing so.""
"
226,226_0,None at all.
130,130_1,"He can spot underclassmen strengths when working with them in a coaching, but may not realize how he can do the same with his peers (fellow interns). ""
"
302,302_1,"Qing is a good team player, but he needs to work on timely and complete execution of tasks for his role in the team."
112,112_0,I have ask James to faciliate one of our weekly meeting and he does with ease.
69,69_2,"Delaney should feel confident and empowered to ask senior colleagues for advise and help to inform her work.""
"
259,259_0,"""She is not someone who speaks up or be up front and leads a group, however, she has great communication, collaboration and problem solving skills."
252,252_0,"""She communicates well with other people, adapts well with any situation and new tasks, and has a great work ethic."
212,212_0,"Ms. Dale is very intellectually aggressive and driven.
"
200,200_0,"""Max has a lot of opportunity to improve in the area of leadership in the sense that he is a very efficient independent worker, and could benefit from including others in projects that he is working on in a way that allows everyone involved to use their strengths to accomplish a shared vision and create an even better finished product.""
"
213,213_2,"I have full confidence that she'll do great things for her new employer!""
"
207,207_0,"more comfortable following
"
121,121_0,I selected Leadership because being a great leader defines Meghan Williams and if you are a great leader you possess the other skills mentioned.
34,34_0,"""Bri is definitely able to identify others strengths and challenges, but she sometimes lacks the confidence to act on her instincts in helping others improve or encouraging them to tap into their strengths for future use.""
"
99,99_1,Yunhui Peng worked in the summer to help my research group to conduct several research topics.
117,117_3,Brooklyn is great at organization and development.
234,234_4,Emme never displayed any sort of self-motivation or
299,299_0,"""Tre' is a great mentor, he has helped his mentee develope great study habits and learn to find their nitch on how to studey."
39,39_0,"""Caleb has all of the skills to be a great leader but he doubts himself, in addition he needs to understand strategy, empathy for others, and how to use his thoughts to influence others.""
"
297,297_2,"She took projects such as the Clemson Students account to the next level and she helped our newest intern out tremendously. ""
"
254,254_0,"She didn't have a ton of opportunity to do this — would like to give her more next semester.
"
117,117_0,"""I often feel this is the area for improvement."
293,293_1,"Knowing this, it was necessary to remain in close communication with Thomas to ensure that he was doing ok and being challenged and supported. ""
"
10,10_1,"This is something we will be working on next semester.""
"
109,109_0,"""I feel that Melissa will be a great leader."
272,272_0,"""Teresa established herself as a leader very quickly during her time at the Watt Family Innovation Center."
243,243_0,"""Reed can work on finding her """"voice"""" whether that is in a one-on-one environment or within a group."
107,107_1,"But, if i had to choose one i would say this one simply because we all can strive to improve in this area."
281,281_2,"Her work is excellent, but stepping back from it to see how each of these features or stories we tell fits into our overall strategy as an office would benefit her."
311,311_0,"Wasn't given many opportunities to show this so we hope to do that in the spring!
"
119,119_5,"I am sure that Wajdi will be a great asset to my group and a great leader.""
"
159,159_0,Jacob has done an excellent job with helping to lead a cross department internship project with multiple interns in multiple different disciplines.
23,23_1,"I believe she has the ability and would encourage her to grow in this further.""
"
296,296_0,"Tiffany is truly autonomous and takes initiative in her work to make it the best!
"
92,92_1,He takes charge and does things first.
145,145_0,"""I’ve seen how Jenna interacts with other members on our team and the way she is a dedicated team leader."
81,81_1,"She is poised, fun to be around and really understands the work she is doing."
192,192_0,"""Maddie did the jobs that were handed and did not ask much more than what was asked of her, I believe that she will be better at any job if she asks questions as to what the job will do for the company and understand a company operations. ""
"
72,72_0,"Displays great leadership with her mentees and guideing them in their freshman year.
"
81,81_2,"She is able to see the bigger picture and long-term goals, which would serve her well in leadership roles."
235,235_0,Patrick has grown in his involvement with our PEER WISE outreach events; from being just a participant or worker to a leader.
315,315_0,"William not only works with his mentees as a mentor but takes on other mentees and help them during study hall with Math and other homework.
"
146,146_0,"""Ian could improve in the area of leadership."
9,9_0,"""Although not an issue, more workplace experience would help with this.""
"
244,244_0,"""Riddhi is such a complete employee, picking an area for improvement is very difficult."
152,152_0,"Intern showed progressive leadership skills among peers in projects or personal endeavors
"
120,120_3,"I genuinely have no doubts that Kshitij will develop into a fantastic lead engineer in his career.
"
287,287_0,"""This semester we didn't really provide Cole with the opportunity to demonstrate his leadership skills."
172,172_0,Julia is very quiet and reticent.
49,49_1,"Being sure to pull on strengths of all people involved in her group. ""
"
66,66_0,"Deepa needs to learn to share her knowledge and understanding of technology and processes to better engage others into her projects.
"
106,106_1,"I don't think I gave him a real opportunity to show his leadership skills. ""
"
96,96_0,"""Her leadership skills are still strong, but has difficulty engaging others in projects. ""
"
299,299_1,"His past mentees and present mentees still come to him for help and advice. ""
"
278,278_1,Eileen could work more at leading others.
12,12_1,"I think if she were more extroverted and spoke up more, she would excel in leadership."
288,288_1,"She gone beyond collaboration to help guide and lead her fellow interns in the writing and editing process. ""
"
120,120_2,Kshitij simply hasn't had enough time in his position to establish himself as a leader.
173,173_0,"""Justin has great technical skills and knowledge, is adaptable and resilient and a reliable worker."
82,82_0,"Fewer opportunities have been provided in this area thus far.
"
136,136_2,"But in doing so he also displayed considerable collaborative and communications skills.
"
21,21_2,"She will try other methods, but if she can not get them to get involved she will become frustrated.""
"
61,61_0,"Crystal has a take charge lead with great expectations and showing other how to as well.
"
115,115_1,"Usually, she is implementing the vision that the director of the Faculty Senate and I determine, but hopefully as she gets more comfortable with our office operations and her fellow intern peers in the spring I can scaffold some experiences to allow her to grow in this area. ""
"
250,250_1,"I can already see her skills emerging in the intern department, but I have no doubts that she will continue to grow as a strong leader in future semesters."
88,88_0,"Having one semester working in the Makerspace enables Nathan to be a great leader in this space next semester.
"
19,19_0,"""As she grows and matures, her skill in this area will undoubtedly increase because of how she carries herself and willingness to learn.""
"
102,102_0,"""I chose leadership since Mary Elizabeth did not have the opportunity to lead in our research assistant position."
168,168_3,"I valued Jordan's work ethic and would expect given more time in our organization she would gain the confidence needed to tackle larger projects and take on additional responsibilities.
"
300,300_0,Trina has a strength in her analytical skills.
167,167_0,"Jonathan has the ability to take initiative and lead very well.
"
266,266_3,"However, she is very driven and focused on doing good work.""
"
159,159_2,"All of this is going to be group presented to the mentors/supervisors on a subject matter that is really needed.
"
235,235_1,He volunteers for assignments to give back to others.
309,309_1,"She was always thoughtful and deliberate about the process.
"
297,297_1,She did really excel in her leadership this semester as a returning intern.
240,240_0,"""Reagan is diligent and I would like to see her confidence continue to improve as she works with the rest of our team."
253,253_0,"""She did not have an opportunity to really lead others, so I feel that this is something that can always be worked on."
83,83_0,"Furthering leadership skills simply requires additional time and experiences to add to her already growing knowledge.
"
308,308_0,Victoria had lead the school book project for three semesters.
273,273_1,"He has been assigned greater responsibility for next semester, and hopefully he will develop the leadership skills with some more experience.""
"
279,279_1,""" As Ally's career progresses, I have no doubt she will be able to pull from her experiences as a student-athlete and business professional to become a great leader.""
"
119,119_2,Wajdi has not had an opportunity to execute leadership very much yet.
32,32_1,Leveraging these skills and developing leadership will set him on a very successful career path.
171,171_1,"I think her ability to train others on continuing her projects will be her biggest area for improvement.
"
272,272_1,She was able to take the lead on projects and became someone I could rely on to quickly and efficiently finish tasks.
171,171_0,Julia has done a great job working with us.
90,90_0,"Hayley has great skills and just needs the experience to become a great leader.
"
187,187_0,"""Leadership, this one takes time and confidence which is something I know she will achieve she just has to learn more and be more secure in her knowledge base. ""
"
156,156_1,She did so well in every aspect of her position.
23,23_0,"""Audra, has shown great leadership in the general operation of the makerspace, however has not been given the opportunity to take a leadership role within the internship team."
7,7_1,"She recognized the individual strengths that each of her mentees had and was able to use this to advance the group as a whole.
"
316,316_0,"Zach has great leadership skill as he has guided some of his past mentee with his leadership skills who are not mentors as well.
"
178,178_0,"""Leadership - Madi is a great leader but if she can take her charisma, drive, and energy, and find away to replicate that in other humans, she will change the world. ""
"
204,204_1,"She was like a mentor to the interns that reported to her and really excelled in leading them to a successful semester.
"
126,126_0,"""I think Julia could use more improvement in her leadership."
235,235_2,"Students gravitate to him and he encourages them in their educational pursuits.
"
164,164_3,"All of the pieces and components are there, but I want to see how they come together in future semesters at the Watt Center.""
"
130,130_0,"""I think Nick can work more on maximizing the strengths of his peers when he is working with them."
173,173_1,"His previous terms have been project-oriented with a set goal, and I want to encourage him to lead the projects in future terms to give him a chance to demonstrate his capacity to be a leader.""
"
105,105_0,I do not see this as a weakness -
196,196_2,"She also struggled with following rules relating to no texting or using smart phones while in the office at your desk, despite having received those rules clearly in writing and verbally. ""
"
41,41_0,"""Cannot evaluate his leadership skills."
139,139_1,"I think that Derek can pick this up quickly as he seems like a natural leader, but just needs more time to adjust to newer environments.""
"
81,81_3,"I think she possesses many of the characteristics and qualities, now it’s just time for her to pull all of them together as a leader.""
"
127,127_0,"""I think leadership is Andy's area for greatest improvement because I believe he has the skills to be a leader, but maybe doesn't seek those leadership positions.""
"
278,278_2,"Her comfort zone is working by herself.
"
302,302_4,"But, this is something that is learned over time."
309,309_0,Victoria had to make decisions - many times on the fly.
109,109_4,She has fantastic ideas related to program development and improvement.
219,219_0,"Natalia needs to be more aggessive and less passive in her leadership skills
"
242,242_0,"Recognizing that providing others the opportunity to lead will help in their overall development.
"
223,223_0,"Nick did not have many opportunities to develop this skill
"
79,79_1,"During his internship with us he did not take leadership over the projects he was given to bring them to success, rather he relied on others."
29,29_2,"While he did a great job, it was apparent that, as with us all, further development in this area is necessary."
246,246_2,"Because he excels in every one of the competencies, I'd have to say that Leadership is the greatest strength as his mastery of this concept flows into all of the others.""
"
79,79_2,"This may be a note for us and our internship to provide more opportunities for leadership to the students.""
"
123,123_1,"but we just didn't get the chance to put him in a leadership role this semester.
"
76,76_1,"We plan to begin giving her this opportunity beginning in the spring.
"
198,198_0,"""Matthew is a Sophomore, and he is new to a leadership position."
165,165_1,"She does a wonderful job at leading the office and working with newer interns to meet goals and objectives!
"
37,37_0,"""By nature, LeeAnna is more quiet and reserved."
42,42_1,I think the first couple months he was getting acquainted with everyone and finding out other strengths to leverage.
312,312_0,We were not able to put him in any leadership roles this semester
209,209_0,Morgan has the knowledge base to manage other areas (depts) involved in her scope of work.
56,56_0,"Colleen is just starting to grow in the area of Leadership in learning to take ownership of her projects.
"
5,5_0,"Alex could use additional opportunity leading projects to gain this type of experience.
"
126,126_1,"She took on leadership roles for her mentees as well as prospective Clemson students, but it is difficult to develop these skills quickly. ""
"
92,92_0,He is a natural leader.
13,13_0,"Andrew has show growth potential in leadership
"
191,191_0,"Mackenzie is excellent at utilizing others strengths to achieve a vision and goal
"
114,114_2,"She has continued room for improvement here in leading other, communicating her perspective, and helping lead groups. ""
"
42,42_2,I listed this as an area of improvement as I believe some things he was working on independently he could've asked for help sooner or leveraged others to be more effective.
181,181_0,"""Leadership is an area that I believe that Kiah has the most potential."
257,257_0,She has taken on some leadership roles and does a good job.
255,255_0,"She has been able to expand her role as the lead intern and help me delegate tasks to others.
"
140,140_0,"""I'm deeply impressed by Wajdi."
106,106_0,"""I don't know that he doesn't have this leadership skill, it was just not demonstrated in the internship."
114,114_0,"""I have seen Kylie grow in speaking up and sharing her perspective in a group."
27,27_0,"Because she hasn't the opportunity to leader a team
"
205,205_0,"""Michael is great at following directions and getting and responding to feedback, but could step up more to lead and organize others as they work together on projects.""
"
46,46_0,"""Catherine is always accepting of projects or tasks when asked, but I think she has room in grow in taking ownership of projects - identifying the next steps herself, noticing problems or issues, improving upon them, and bringing others into the project. ""
"
16,16_1,"Chandler is so awesome in every area, it is hard to pick an area for improvement."
99,99_2,"During his stay, he performed as a leader to organize and conduct the research with several other junior researcher/students. ""
"
117,117_4,She is great at design and implementation.
292,292_0,"This will be derived from experience as Lili continues to grow.
"
204,204_0,Melissa was placed in a leadership position this semester and really embraced the role.
136,136_0,I would have preferred to be able to select two competencies - Leadership and Collaboration.
218,218_1,"Hopefully she gains this maturity with experience in her PhD and beyond.
"
2,2_1,"Without a parallel CI course this semester, she did not have the same opportunity to develop the leadership skills of managing an interdisciplinary team herself.""
"
256,256_0,"She has had to be pretty much completely in charge of a program that I handed to her
"
289,289_0,"""This should not be seen as a knock on Ally."
250,250_0,"""Sarah possesses a great deal of potential in her leadership skills."
101,101_2,"This will help her gain more experience in this competency.""
"
183,183_0,"Leadership is relatively weak
"
109,109_2,The one area she could improve upon would be her assertiveness and confidence in her ability.
158,158_1,"Developing advanced leadership skills would be the natural next step while he is progressing on his career path.
"
286,286_1,"While is a leader in our social media plan, he doesn't have the opportunity to lead people or large projects.""
"
308,308_1,"She has managed this project with a team of two other interns and done a great job of setting a vision and executing the vision.
"
291,291_0,"This student may have great leadership but his position didn't give him a stage to show it.
"
201,201_0,"""McKenna has wonderful leadership qualities that I've been able to witness during my time with her, but I see a lot more potential for her to emerge as a leader among her peers."
80,80_0,"""Eva didn't have many opportunities to lead others while in her position."
228,228_1,"She is always positive and read to help everyone any way she can. ""
"
103,103_0,"""I do not believe Erika is always able to identify others strengths."
24,24_0,"""Bailey brings a level a poise to the work she does that very few othere in her peer group could acheive."
111,111_0,"""I felt that she was a bit reluctant to ask for help from other team members."
164,164_2,"I think her vision and work ethic during projects would benefit the group as a whole, and I am interested in seeing her help other interns gain skills they don't currently possess."
272,272_5,"Frankly, I wish every student was as capable and reliable as Teresa."
269,269_0,"""Tarlan is very young and lacks experience in the work place, but has a great deal of potential to be an excellent leader""
"
58,58_0,Considering that leadership is perceived / exercised differently in an international corporation like Daimler compared to the university level I believe it is common that interns like Jennifer have a hard time to exercise leadership on their own.
176,176_1,"We plan on training him to be one of our mentors, working more with our incoming underrepresented STEM freshmen.""
"
295,295_0,"""Tiffani is a great leader, but as many of my other mentors she could use more practice in her leadership skills."
45,45_0,"Catherine has not had as much opportunity for leading tasks so we plan to work on that next semester.
"
161,161_0,Jade's ability to lead and inspire those around her is inspiring and a great reflection of her success in this internship.
244,244_1,Her quiet nature lends people to believe she is more passive.
68,68_0,Delaney has been an intern in the Studio for awhile and you can see the other interns look to her for guidance and help.
157,157_2,"However, she did not get the opportunity to become a leader within the staff team."
181,181_1,"She is already on a path to grow as a leader by being involved in so many campus organizations, particularly the Chapman Scholars Leadership Program."
86,86_0,Hannah has successfully lead two project teams this semester.
73,73_0,"""During this next semester, it will be rewarding to see Allie's improvements in this area."
148,148_0,"""In the beginning of his internship Max felt it was difficult to impose his leadership to others, but with the guiding of us, we have seen an impressive improvement in this area."
302,302_0,"""Unlike academia where much work is independent in nature, in industry, engineers work as a team in a very fast-paced environment."
11,11_1,"and I think it will take time for her to see that potential and capitalize on it.
"
288,288_0,"""This semester, Ashley has really shown growth in the area of Leadership."
102,102_1,"As she progresses in her education and career, I'm sure Mary Elizabeth will encounter situations in which she will embrace the chance to develop and grow as a leader.""
"
174,174_0,"""Karan needs to take a more active role in building group oriented collaboration where he could network more with internal associates, build relationships, find ways to complement business efforts. ""
"
3,3_0,"""Actually, it is very hard for me to say just a one quality - Meredith is an excellent student on all those qualities. ""
"
109,109_5,The only thing that is lacking is her assertiveness in presenting her ideas and the confidence in her ideas and visions.
286,286_0,"""This role does not give him traditional forms of leadership."
301,301_0,"Tyler was ble to get his metors involved in campus activities and other oganizations through his leadership abilities
"
144,144_3,"She’s clearly bright and willing to take on these roles. ""
"
195,195_0,"Maren is a great leader but could continue to grown in her leadership as she develops the ability find a utilize the strengths of everyone in whichever group setting she is in.
"
14,14_0,"Andrew should utilize colleagues to generate ideas on how to further his project.
"
238,238_2,"She was an excellent worker.""
"
36,36_1,"Right now she is watching and establishing herself and the future leader she will become.
"
202,202_0,McKenzie did a great job encouraging groups of volunteers to help out in difficult situations.
22,22_0,"""At his age, this is not a bad thing."
71,71_0,"Didn't have much opportunity for this
"
25,25_1,"In one semester, she was not able to attain the experience needed to develop leadership skills.""
"
85,85_1,"This is the only area that I can think of that would need improvement, which will come with experience. ""
"
161,161_1,"She encouraged her residents (members of the Wellness LLC) to be well and take part in different wellness opportunities on campus.
"
213,213_1,"That said, I'd love to see Emily apply herself in increasing leadership roles as she transitions to a regular full-time position after graduation."
232,232_0,"only two months in the company
"
247,247_2,We often have new interns and they look to Saavon for mentorship and guidance.
145,145_1,"Without my asking her to do so, she often takes the reigns on projects and makes sure things are being finished in a timely manner."
67,67_0,"Deidra has one of the hardest group of mentees to wor with (transfer students) but she has been able to reach them and for a great group of students.
"
168,168_2,At times she seemed to lack the confidence to dig deep into projects.
224,224_2,"I encourage her to seek opportunities to develop and grow her own vision in both her work and service. ""
"
197,197_1,"She has excellent people skills and is very adept at networking with others to complete assignments.
"
123,123_0,I suspect he would excel in this area as well
54,54_0,"Clary lead in many ways amongst his peers.
"
95,95_0,"He should continue to improve on his leadership skills.
"
231,231_0,"Only because we didn't really provide or encourage the opportunity for her to really lead any aspect of the work she did.
"
148,148_1,"He used several new techniques to feel better about himself and turning his weaker points in stronger ones.""
"
228,228_0,"""Once Katelyn has a change to work more, see a bigger variety of task and works her way up in a firm, she has great potential to o,prove her leadership skills."
249,249_0,"""Sarah has always been a leader on the Rowing team, however, in this internship I witnessed leadership outside of sport."
91,91_1,"He has earned the respect of all who work with him - students, faculty and staff. ""
"
114,114_1,I think she has gained confidence.
196,196_1,"She can improve on encouraging and motivating her peers, and on interacting with them to express her enjoyment of their being on the team with her."
62,62_1,"He's smart and can figure things out quickly.""
"
2,2_0,"""Abby joined the project as a UPIC intern after having participated one semester in the associated Creative Inquiry course."
265,265_1,"I feel Sam will have no problem in developing leadership traits when he moves into a career and gains more experience.""
"
120,120_1,Learning the strengths and limitations of others takes time.
226,226_1,"He is top notch.
"
136,136_1,I selected Leadership becauseThomas has taken the lead in establishing the VR Immersive Space at the Watt Center.
180,180_2,"Have not witnessed her leading others.
"
76,76_0,Emily hasn't had the opportunity to take the lead on a significant project.
259,259_1,"I believe that if she can further work to find her own leadership skill and observe and identify others' strengths, she will be a great leader and more valuable asset in a team and office. ""
"
317,317_0,Zach has great leadership skills and displays them withhis mentors and with his fraternity
160,160_0,"Jacovia works well with others and has demonstrated the ability to use others' strengths to complete tasks.
"
261,261_1,The freshmen and change of majors learned much more than the course content from Caroline.
79,79_0,"""Eric was great at working independently and along with others to achieve project goals and has the capability to be a great leader."
119,119_4,As my group grows and I have more students with programming abilities
135,135_0,"I would have love to see the intern take more leadership role in the office.
"
282,282_0,"""This isn't truly a problem, but I will encourage her to show leadership in making suggestions and volunteering ideas.""
"
17,17_0,"""As chief editor it has been Stone's responsibility to lead group meetings, manage the teams' writing schedule and assign articles but he taken a backseat to other personalities in the group and relied on me for these.""
"
224,224_0,"""Nicole has great potential for leadership."
142,142_1,"and it's pretty much the only category that would fit.""
"
100,100_0,"I believe as Allison gains more experience her ability to take on more leadership roles - she most definitely has the key characteristics that will allow her to be a leader.
"
16,16_0,"""As a student intern, I think there is always room to grow with respect to leadership and ownership."
139,139_0,"""I would not say that Derek struggles with leadership, but just has limited exposure to leading in an industrial environment."
234,234_5,“go-getter” attitude during the internship.
236,236_0,"Patrick has worked well with SHPE and PEER as a mentor to help bring more awarenees of the Hispanic community and getting his mentees involved in community events and academically.
"
261,261_2,"They learned study skills, time management, and the importance of communication with faculty, UPICs and peers.""
"
244,244_2,What she should focus on when she observes an opportunity is to speak up sooner.
302,302_5,"Qing and I have spoken about it, and he's working to improve upon this.""
"
276,276_1,Leadership is challenging.
30,30_0,"""Blaine exceeds all expectations in these fields."
84,84_0,"Gabrielle didn't have a lot of opportunities to show off her leadership skills.
"
158,158_0,Jack excels already in most other areas.
124,124_1,"I think that this will come as he gains additional experience and continues to develop comfort as part of the team.
"
172,172_1,"This presented her with some challenges as she led a group of undergraduates from diverse fields in analyzing qualitative data.
"
210,210_0,Mr. Mukherjee is a junior graduate student and has not gotten a lot of opportunities to practice and demonstrate his leadership potential.
295,295_1,"She has great ideas, and with more leadership skills she will be able to bring more of her ideas to reality. ""
"
246,246_0,"""Roy is hands down the BEST"
177,177_0,"Kimberly worked well with her mentees in guiding them to get involved with campus activities.
"
125,125_0,"""I think Jordan can continue to develop her leadership skills - many times the number of projects going all at one time can be too much for one person, and requires the designer to employ the help of other student designers - with time, I know she will be a great leader and be able to communicate needs to other people effectively while managing her own workload.""
"
277,277_3,"She needs to understand what is being asked and how to do the task, once that is understood she can easily do anything you ask her and go above and beyond.""
"
263,263_0,Shyla is a great leader.
118,118_1,"I do think she would be a fine leader!
"
245,245_0,"Robert could improve in the area of recognizing gifts and skills in others that could prove helpful to the overall vision.
"
238,238_1,This is the only reason why I would list it as an area for improvement.
146,146_1,"It is one thing to work well with others, but another to achieve a goal while strengthening a team and leveraging the various skill sets at your disposal.""
"
15,15_0,"Armoni is so used to having to rely only on herself to accomplish her goals that she sometimes has an expectation that others will fail to follow through.
"
268,268_0,"""Student never really stepped up as a leader of others, though he was an excellent supporter and encouragment to those who were leading.""
"
43,43_0,Caroline's greatest area for improvement is leadership because she tends to wait for others to give her things to do and will take a backseat to others in a group project.
91,91_0,"""He has very successfully taken the VR Immersive Space form a concept to a reality."
313,313_0,"When addressing issues there are times Thomas needs to take more of a leadership role.
"
